Артикул;Наименование;Количество;Единица измерения;Тип;Цена
PN 63;Дюбель 6 х 30 серый, пластик;2302;шт.;Дюбель;1,13
PN 84;Дюбель 8 х 40 серый, пластик;1018;шт.;Дюбель;1,91
4006 0805/3,5Х15;Саморез с потайной головкой под крест 3.5 Х 15;2122;шт.;Саморез;0,42
6 01033 50 ZN;LIKU Саморез с полукруглой головкой под крест для крепления мебельного навеса;1420;шт.;Саморез;4,24
SW5,0 X 35 KB/ШТ;Саморез с цилиндрической головкой и внутренним шестигранником;544;шт.;Саморез;4,68
SW6,0 X 35 KB/ШТ;Саморез с цилиндрической головкой и внутренним шестигранником;1176;шт.;Саморез;4,68
US3,0 X 13 KB/1000ШТ;Саморез с потайной головкой под крест, 3 Х 13;767;упак.;Саморез;269,86
US3,0 X 16 KB/1000ШТ;Саморез с потайной головкой под крест, 3 Х 16;2088;упак.;Саморез;301,87
US3,0 X 20 KB/1000ШТ;Саморез с потайной головкой под крест, 3 Х 20;699;упак.;Саморез;350,93
US3,0 X 30 KB/1000ШТ;Саморез с потайной головкой под крест, 3 Х 30;699;упак.;Саморез;450,09
US3,5 X 13 KB/1000ШТ;Саморез с потайной головкой под крест, 3.5 Х 13;1132;упак.;Саморез;264,84
US3,5 X 16 BL/100ШТ;Саморез с потайной головкой под крест, 3.5 Х 16, черный;2751;упак.;Саморез;61,85
US3,5 X 16 KB/1000ШТ;Саморез с потайной головкой под крест, 3.5 Х 16;2707;упак.;Саморез;299,47
US3,5 X 20 KB/1000ШТ;Саморез с потайной головкой под крест, 3.5 Х 20;2708;упак.;Саморез;357
US3,5 X 25 KB/1000ШТ;Саморез с потайной головкой под крест, 3.5 Х 25;1192;упак.;Саморез;403,87
US3,5 X 30 KB/1000ШТ;Саморез с потайной головкой под крест, 3.5 Х 30;710;упак.;Саморез;431,85
US3,5 X 40 KB/1000ШТ;Саморез с потайной головкой под крест, 3.5 Х 40;1355;упак.;Саморез;604,53
US3,5 X 60 KB/250ШТ;Саморез с потайной головкой под крест, 3.5 Х 60;1504;упак.;Саморез;262,86
US4,0 X 16 BL/100ШТ;Саморез с потайной головкой под крест, 4 Х 16, черный;334;упак.;Саморез;70,54
US4,0 X 16 KB/1000ШТ;Саморез с потайной головкой под крест, 4 Х 16;1634;упак.;Саморез;368,53
US4,0 X 20 KB/500ШТ;Саморез с потайной головкой под крест, 4 Х 20;1224;упак.;Саморез;209,57
US4,0 X 25 KB/500ШТ;Саморез с потайной головкой под крест, 4 Х 25;137;упак.;Саморез;241,87
US4,0 X 30 KB/500ШТ;Саморез с потайной головкой под крест, 4 Х 30;1596;упак.;Саморез;290,28
US4,0 X 40 KB/500ШТ;Саморез с потайной головкой под крест, 4 Х 40;2868;упак.;Саморез;333,96
US6,0 X 30 KB/1000ШТ;Саморез с потай. головкой под крест;1575;упак.;Саморез;316,52
US6,0 X 30 KB/100ШТ;Саморез с потай. головкой под крест;1718;упак.;Саморез;30,5
UW3,0 X 50 KB/1000ШТ;Саморез с полукруглой головкой под крест;277;упак.;Саморез;200
UW3,0 X 50 KB/100ШТ;Саморез с полукруглой головкой под крест;1458;упак.;Саморез;20
UW4,0 X 30 KB/1000ШТ;Саморез с полукруглой головкой под крест;2933;упак.;Саморез;1046,77
6,3 Х 13 VЕ 05;Евровинт с потайной головкой, 6.3 Х 13;1033;тыс. шт.;Евровинт;679,45
EC 4.0X13.0;Евровинт с потайной головкой, 4.0 X 13;1326;тыс. шт.;Евровинт;484,65
EC 6.0X11.5 / ШТ;Евровинт с потайной головкой, 6.0 X 11.5;2521;шт.;Евровинт;0,78
EC 6.3X13.0;Евровинт с потайной головкой, 6.3 X 13;2482;тыс. шт.;Евровинт;679,45
EC 6.3X16.0/ 100 ШТ;Евровинт с потайной головкой, 6.3 X 16;1619;упак.;Евровинт;106,44
EC 6.3X20.0/ 100 ШТ;Евровинт с потайной головкой, 6.3 X 20;1237;упак.;Евровинт;130,97
V6310/F;Евровинт с полукруглой головкой для соосного крепления площадок петель, 6.3 X 10.6;1202;шт.;Евровинт;2,19
V6313;Евровинт с полукруглой головкой, 6.3 X 13;1502;шт.;Евровинт;2,33
VS05FZ;Евровинт с потайной головкой для держателя задней панели FM20, 6.3 Х 14;2499;шт.;Евровинт;2,4
2600 950 M4X9,5;Винт с потайной головкой под крест, M4 Х 9.5;469;шт.;Винт;2,76
501-05 (M6X30);Винт с потайной головкой под шестигранник, M6 X 30;2446;шт.;Винт;2,97
502-05 (M6X80);Винт стяжки Бочонок с потайной головкой под шестигранник, M6 X 80;2455;шт.;Винт;5,8
503-05 (M6X70);Винт стяжки Бочонок с потайной головкой под шестигранник, M6 X 70;144;шт.;Винт;5,02
504-05 (M6X120);Винт стяжки Бочонок с потайной головкой под шестигранник, M6 X 120;2491;шт.;Винт;9,12
505-05 (M6X90);Винт стяжки Бочонок с потайной головкой под шестигранник, M6 X 90;1336;шт.;Винт;7,35
506-05 (M6X60);Винт стяжки Бочонок с потайной головкой под шестигранник, M6 X 60;2484;шт.;Винт;4,81
506-50 (M6X50);Винт стяжки Бочонок с плоской головкой под шестигранник, M6 X 50;2936;шт.;Винт;3,05
506-60 (M6X60);Винт стяжки Бочонок с плоской головкой под шестигранник, M6 X 60;310;шт.;Винт;3,78
506-70 (M6X70);Винт стяжки Бочонок с плоской головкой под шестигранник, M6 X 70;2827;шт.;Винт;4,1
506-80 (M6X80);Винт стяжки Бочонок с плоской головкой под шестигранник, M6 X 80;2238;шт.;Винт;4,52
507-05 (M6X50);Винт стяжки Бочонок с потайной головкой под шестигранник, M6 X 50;1991;шт.;Винт;3,39
H6K 6.0 X 60 B;Винт с шестигранной головкой, 6.0 X60;301;шт.;Винт;0,18
SI M5 X 30 BN;Винт с цилиндрической головкой с неполной резьбой, M5 X 30;2202;шт.;Винт;0,65
VT4302B1;Винт стяжки Бочонок с потайной головкой под шестигранник, M6 X 80;219;шт.;Винт;4,76
WPM M4 X10 IB/100ШТ;Винт с полукруглой головкой под крест, M4 X 10;1502;упак.;Винт;72,23
WPM M4 X20 IB/100ШТ;Винт с полукруглой головкой под крест, M4 X 20;358;упак.;Винт;100,22
WPM M4 X22 IB/100ШТ;Винт с полукруглой головкой под крест, M4 X 22;1701;упак.;Винт;103,97
G226V;Заглушка декоративная Mini 12 круглая, никель матовый;382;шт.;Петли;3,05
WPM M4 X25 IB/100ШТ;Винт с полукруглой головкой под крест, M4 X 25;2372;упак.;Винт;100,93
WPM M4 X40 IB/100ШТ;Винт с полукруглой головкой под крест, M4 X 40;470;упак.;Винт;157,33
WPM M4 X8 IB/100ШТ;Винт с полукруглой головкой под крест, M4 X 8;2771;упак.;Винт;69,05
WPM M5 X12 IB/ШТ;Винт с полукруглой головкой под крест, M5 X 12;199;шт.;Винт;2,54
WS M5 X50KB/ШТ;Винт с потай. головкой под крест, M5 X50;1168;шт.;Винт;0,25
WS M6X12KB/ШТ;Винт с потайной головкой под крест, M6 X 12;1141;шт.;Винт;0,75
ZZ150 M4 X45 IB/ШТ;Винт с полукруглой головкой под крест, M4 X 45, универсальный, никель;2679;шт.;Винт;1,91
BP01;Гайка для ножки мебельной М6;86;шт.;Гайка;2,38
BP01/CH;Гайка для ножки мебельной М6;289;шт.;Гайка;2,62
BP02;Гайка для ножки мебельной М8;2063;шт.;Гайка;3,62
BP02/CH;Гайка для ножки мебельной М8;1321;шт.;Гайка;3,89
BP03;Гайка для ножки мебельной М10;2578;шт.;Гайка;6,01
C019;Гайка усовая M6;858;шт.;Гайка;1,13
C020;Гайка усовая M8;2039;шт.;Гайка;1,41
C021;Гайка усовая M10;1403;шт.;Гайка;2,05
N M8 B;Гайка шестигранная M8;273;шт.;Гайка;1,98
NE M5 B;Гайка ERICSONA M5;2166;шт.;Гайка;10,11
NE M6 B;Гайка ERICSONA M6;2640;шт.;Гайка;7,28
NK M10 B;Гайка колпачковая M10;428;шт.;Гайка;1,67
SP M8;Шайба плоская для винта М8;1698;шт.;Шайба;5,51
TN M8 B;"Гайка ""барашковая"" М8";203;шт.;Гайка;5,23
D009 M4X40;Шпилька метрич./саморез, M4X40;2523;шт.;Шпилька;0,15
D011 M8X60;Шпилька метрическая/саморез, M8 X 60;1684;шт.;Шпилька;4,17
D012 M10X60;Шпилька метрич./саморез, M10X60;1636;шт.;Шпилька;0,4
09.0020.013.50.54;Заглушка самоклеющ. черный, D13 /уп. 20 шт.;467;упак.;Заглушка;19,9
09.0020.013.50.5H;Заглушка самоклеющ. орех, D13 /уп. 20 шт.;2642;упак.;Заглушка;7,64
09.0020.013.50.70;Заглушка самоклеющ. бук, D13 /уп. 20 шт.;2369;упак.;Заглушка;6,9
09.0020.013.50.7L;Заглушка самоклеющ. венге, D13 /уп. 20 шт.;2863;упак.;Заглушка;5
09.0020.013.50.7S;Заглушка самоклеющ. махагон, D13/уп. 20 шт..;1919;упак.;Заглушка;7,65
09.0020.013.50.C01;Заглушка самоклеющ. Клен Фьёрд, D13/уп. 20 шт.;2685;упак.;Заглушка;6,9
09.0020.013.50.C13;Заглушка самоклеющ. клен, D13 /уп. 20 шт.;1863;упак.;Заглушка;6,9
09.0040.013.50.4G;Заглушка самоклеющ. светлая вишня, D13 /уп. 25 шт.;2568;упак.;Заглушка;2,5
09.0040.013.50.4L;Заглушка самоклеющ. темная вишня, D13 /уп. 25 шт.;509;упак.;Заглушка;2,5
09.0040.013.50.54;Заглушка самоклеющ. черный, D13 /уп. 25 шт.;550;упак.;Заглушка;9,07
09.0040.013.50.7S;Заглушка самоклеющ. махагон, D13/уп. 25 шт..;1047;упак.;Заглушка;27,57
09.0040.013.50.С13;Заглушка самоклеющ. клен, D13 /уп. 25 шт.;842;упак.;Заглушка;27,57
09.0040.020.50.1D;Заглушка самоклеющ. ольха, D20/уп. 15 шт.;2351;упак.;Заглушка;2,5
09.0040.020.50.2С;Заглушка самоклеющ. дуб, D20/уп. 15 шт.;1352;упак.;Заглушка;9,44
09.0040.020.50.4L;Заглушка самоклеющ. темная вишня, D20/уп. 15 шт.;2505;упак.;Заглушка;4,95
09.0040.020.50.4M;Заглушка самоклеющ. вишня, D20/уп. 15 шт.;2889;упак.;Заглушка;14,57
09.0040.020.50.70;Заглушка самоклеющ. бук, D20/уп. 15 шт.;271;упак.;Заглушка;8,97
09.0040.020.50.C01;Заглушка самоклеющ. Клен Фьёрд, D20/уп. 15 шт.;346;упак.;Заглушка;2,5
13.005-HM;Заглушка самоклеящаяся клен фьорд, D13 мм (63 шт.);1431;упак.;Заглушка;27,64
13.006-HM;Заглушка самоклеящаяся дуб беленый, D13 мм (63 шт.);1160;упак.;Заглушка;27,64
13.010-HD;Заглушка самоклеящаяся черная, D13 мм (63 шт.);1980;упак.;Заглушка;27,64
13.020-HD;Заглушка самоклеящаяся белая, D13 мм (63 шт.);1440;упак.;Заглушка;27,64
13.022-HM;Заглушка самоклеящаяся серый металлик, D13 мм (63 шт.);468;упак.;Заглушка;27,64
13.025-HD;Заглушка самоклеящаяся зелёная, D13 мм (63 шт.);333;упак.;Заглушка;27,64
13.030-HD;Заглушка самоклеящаяся бежевый однотонный, D13 мм (63 шт.);1287;упак.;Заглушка;27,64
13.032-HM;Заглушка самоклеящаяся яблоня локарно, D13 мм (63 шт.);2380;упак.;Заглушка;27,64
13.048-HM;Заглушка самоклеящаяся махагон, D13 мм (63 шт.);910;упак.;Заглушка;27,64
13.050-HM;Заглушка самоклеящаяся светлая вишня, D13 мм (63 шт.);221;упак.;Заглушка;27,64
13.071-HM;Заглушка самоклеящаяся бук, D13 мм (63 шт.);1058;упак.;Заглушка;27,64
13.074-HM;Заглушка самоклеящаяся вишня оксфорд, D13 мм (63 шт.);2603;упак.;Заглушка;27,64
13.076-HM;Заглушка самоклеящаяся орех, D13 мм (63 шт.);2762;упак.;Заглушка;27,64
13.079-HM;Заглушка самоклеящаяся венге, D13 мм (63 шт.);203;упак.;Заглушка;27,64
13.080-HD;Заглушка самоклеящаяся светло-серая, D13 мм (63 шт.);609;упак.;Заглушка;27,64
13.092-HM;Заглушка самоклеящаяся клен, D13 мм (63 шт.);2331;упак.;Заглушка;27,64
13.103-HM;Заглушка самоклеящаяся темная вишня, D13 мм (63 шт.);2068;упак.;Заглушка;27,64
13.115-HM;Заглушка самоклеящаяся дуб, D13 мм (63 шт.);197;упак.;Заглушка;27,64
13.131-HD;Заглушка самоклеящаяся красная, D13 мм (63 шт.);468;упак.;Заглушка;27,64
13.135-HM;Заглушка самоклеящаяся дуб молочный, D13 мм (63 шт.);1154;упак.;Заглушка;27,64
13.158-HM;Заглушка самоклеящаяся дуб ривьера, D13 мм (63 шт.);2194;упак.;Заглушка;27,64
13.576-HD;Заглушка самоклеящаяся жёлтая, D13 мм (63 шт.);692;упак.;Заглушка;27,64
13.621-HD;Заглушка самоклеящаяся синяя, D13 мм (63 шт.);2773;упак.;Заглушка;27,64
2 30110 10 AB;SPIRAL LOCK Заглушка для стяжки, белая;2652;шт.;Заглушка;3,75
2 30110 10 MK;SPIRAL LOCK Заглушка для стяжки, коричневая;2803;шт.;Заглушка;3,75
2 30110 10 ЕА;SPIRAL LOCK Заглушка для стяжки, черная;2943;шт.;Заглушка;3,75
20.005-HM;Заглушка самоклеящаяся клен фьорд, D20 мм (18 шт.);749;упак.;Заглушка;14,35
20.006-HM;Заглушка самоклеящаяся дуб беленый, D20 мм (18 шт.);810;упак.;Заглушка;14,35
20.010-HD;Заглушка самоклеящаяся черная, D20 мм (18 шт.);50;упак.;Заглушка;14,35
20.020-HD;Заглушка самоклеящаяся белая, D20 мм (18 шт.);544;упак.;Заглушка;14,35
20.022-HM;Заглушка самоклеящаяся серый металлик, D20 мм (18 шт.);2352;упак.;Заглушка;14,35
20.025-HD;Заглушка самоклеящаяся зелёная, D20 мм (18 шт.);2061;упак.;Заглушка;14,35
20.030-HD;Заглушка самоклеящаяся бежевый однотонный, D20 мм (18 шт.);2346;упак.;Заглушка;14,35
20.032-HM;Заглушка самоклеящаяся яблоня локарно, D20 мм (18 шт.);2275;упак.;Заглушка;14,35
20.048-HM;Заглушка самоклеящаяся махагон, D20 мм (18 шт.);629;упак.;Заглушка;14,35
20.050-HM;Заглушка самоклеящаяся светлая вишня, D20 мм (18 шт.);994;упак.;Заглушка;14,35
20.071-HM;Заглушка самоклеящаяся бук, D20 мм (18 шт.);2344;упак.;Заглушка;14,35
20.074-HM;Заглушка самоклеящаяся вишня оксфорд, D20 мм (18 шт.);2460;упак.;Заглушка;14,35
20.076-HM;Заглушка самоклеящаяся орех, D20 мм (18 шт.);2229;упак.;Заглушка;14,35
20.079-HM;Заглушка самоклеящаяся венге, D20 мм (18 шт.);2689;упак.;Заглушка;14,35
20.080-HD;Заглушка самоклеящаяся светло-серая, D20 мм (18 шт.);1830;упак.;Заглушка;14,35
20.092-HM;Заглушка самоклеящаяся клен, D20 мм (18 шт.);411;упак.;Заглушка;14,35
20.103-HM;Заглушка самоклеящаяся темная вишня, D20 мм (18 шт.);1698;упак.;Заглушка;14,35
20.115-HM;Заглушка самоклеящаяся дуб, D20 мм (18 шт.);1871;упак.;Заглушка;14,35
20.131-HD;Заглушка самоклеящаяся красная, D20 мм (18 шт.);2667;упак.;Заглушка;14,35
20.135-HM;Заглушка самоклеящаяся дуб молочный, D20 мм (18 шт.);2088;упак.;Заглушка;14,35
20.576-HD;Заглушка самоклеящаяся жёлтая, D20 мм (18 шт.);1351;упак.;Заглушка;14,35
20.621-HD;Заглушка самоклеящаяся синяя, D20 мм (18 шт.);2146;упак.;Заглушка;14,35
35.010-HD;Заглушка самоклеящаяся черная, D35 мм (15 шт.);2070;упак.;Заглушка;36,82
35.020-HD;Заглушка самоклеящаяся белая, D35 мм (15 шт.);1770;упак.;Заглушка;36,82
35.060-HD;Заглушка самоклеящаяся коричневая, D35 мм (15 шт.);2715;упак.;Заглушка;36,82
40.010-HD;Заглушка самоклеящаяся черная, D40 мм (15 шт.);1602;упак.;Заглушка;40,43
40.020-HD;Заглушка самоклеящаяся белая, D40 мм (15 шт.);768;упак.;Заглушка;40,43
40.030-HD;Заглушка самоклеящаяся бежевый однотонный, D40 мм (15 шт.);864;упак.;Заглушка;40,43
40.060-HD;Заглушка самоклеящаяся коричневая, D40 мм (15 шт.);605;упак.;Заглушка;40,43
40.080-HD;Заглушка самоклеящаяся светло-серая, D40 мм (15 шт.);1214;упак.;Заглушка;40,43
CF01PAC;Заглушка для технологических отверстий, клен, D5 мм;1418;шт.;Заглушка;0,42
CF01PB;Заглушка для технологических отверстий, белая, D5 мм;736;шт.;Заглушка;0,35
CF01PCI;Заглушка для технологических отверстий, вишня, D5 мм;1635;шт.;Заглушка;0,35
CF01PFA;Заглушка для технологических отверстий, бежевая, D5 мм;2492;шт.;Заглушка;0,35
CF01PFR;Заглушка для технологических отверстий, ясень, D5 мм;1450;шт.;Заглушка;0,42
CF01PGA;Заглушка для технологических отверстий, серый металлик, D5 мм;2402;шт.;Заглушка;0,35
CF01PMA;Заглушка для технологических отверстий, коричневая, D5 мм;1603;шт.;Заглушка;0,35
CF01PNE;Заглушка для технологических отверстий, черная, D5 мм;1186;шт.;Заглушка;0,35
CF02PAC;Заглушка клен 8мм;2683;шт.;Заглушка;0,1
CF02PB;Заглушка для технологических отверстий, белая, D8 мм;951;шт.;Заглушка;0,35
CF02PCI;Заглушка для технологических отверстий, вишня, D8 мм;2820;шт.;Заглушка;0,25
CF02PFA;Заглушка для технологических отверстий, бежевая, D8 мм;2847;шт.;Заглушка;0,35
CF02PGA;Заглушка для технологических отверстий, серый металлик, D8 мм;2134;шт.;Заглушка;0,42
CF02PMA;Заглушка для технологических отверстий, коричневая, D8 мм;1835;шт.;Заглушка;0,35
CF02PNE;Заглушка для технологических отверстий, черная, D8 мм;1682;шт.;Заглушка;0,35
CF03PAC;Заглушка для технологических отверстий, клен, D10 мм;2064;шт.;Заглушка;0,42
CF03PB;Заглушка для технологических отверстий, белая, D10 мм;1213;шт.;Заглушка;0,42
CF03PCI;Заглушка для технологических отверстий, вишня, D10 мм;1596;шт.;Заглушка;0,42
CF03PFA;Заглушка для технологических отверстий, бежевая, D10 мм;1699;шт.;Заглушка;0,42
CF03PFR;Заглушка для технологических отверстий, ясень, D10 мм;1827;шт.;Заглушка;0,42
CF03PGA;Заглушка для технологических отверстий, серый металлик, D10 мм;127;шт.;Заглушка;0,42
CF03PMA;Заглушка для технологических отверстий, коричневая, D10 мм;189;шт.;Заглушка;0,42
CF03PNE;Заглушка для технологических отверстий, черная, D10 мм;1903;шт.;Заглушка;0,42
SPAX/ БЕЛ / 500 ШТ;Заглушка для самореза с потайной головкой, белая;2654;упак.;Заглушка;250,28
AL02;Полкодержатель для деревянных полок с фиксацией, с двумя отверстиями под саморез, никель;625;шт.;Уголки мебельные;6,36
AL02 ZBR;Полкодержатель для деревянных полок с фиксацией, с двумя отверстиями под саморез, бронза;287;шт.;Уголки мебельные;6,36
AL22;Полкодержатель для деревянных полок с фиксацией, с круглым и овальным отверстиями под саморез, никель;973;шт.;Уголки мебельные;6,36
AL22 ZBR;Полкодержатель для деревянных полок с фиксацией, с круглым и овальным отверстиями под саморез, бронза;1349;шт.;Уголки мебельные;6,36
CS01PB;Накладка для держателя задней панели FM20, белая;185;шт.;Уголки мебельные;5,44
CS01PMA;Накладка для держателя задней панели FM20, коричневая;67;шт.;Уголки мебельные;5,44
CS01PNE;Накладка для держателя задней панели FM20, черная;1486;шт.;Уголки мебельные;3,45
FM10FZ;Держатель задней панели;2789;шт.;Уголки мебельные;9
FM18ZNL;Держатель задней панели;429;шт.;Уголки мебельные;10,39
FM20ZN;Держатель задней панели;2832;шт.;Уголки мебельные;21,7
FS1054AA;Уголок мебельный с саморезом белый;1640;шт.;Уголки мебельные;1,55
FS1054AC;Уголок мебельный с саморезом коричневый;2073;шт.;Уголки мебельные;1,55
SPC26X26X20ALD;WINK Уголок мебельный с пластиковой накладкой 26х26х20 мм, ольха;365;шт.;Уголки мебельные;5,3
SPC26X26X20BE;WINK Уголок мебельный с пластиковой накладкой 26х26х20 мм, бук;2301;шт.;Уголки мебельные;5,3
SPC26X26X20BL;WINK Уголок мебельный с пластиковой накладкой 26х26х20 мм, черный;2377;шт.;Уголки мебельные;5,3
SPC26X26X20GR;WINK Уголок мебельный с пластиковой накладкой 26х26х20 мм, серый;1494;шт.;Уголки мебельные;5,3
SPC26X26X20WA;WINK Уголок мебельный с пластиковой накладкой 26х26х20 мм, орех;475;шт.;Уголки мебельные;5,3
SPC26X26X20WE;WINK Уголок мебельный с пластиковой накладкой 26х26х20 мм, венге;2145;шт.;Уголки мебельные;5,3
SPC26X26X20WH;WINK Уголок мебельный с пластиковой накладкой 26х26х20 мм, белый;1573;шт.;Уголки мебельные;5,3
UC9101;Уголок-стяжка;979;шт.;Уголки мебельные;4,05
UC9201;Уголок-стяжка большой;460;шт.;Уголки мебельные;26,23
UM N ВИШНЯ-100;Уголок мебельный вишня (100 шт.);2304;упак.;Уголки мебельные;50
UM N ВИШНЯ-100 M;Уголок мебельный вишня (100 шт.);1602;упак.;Уголки мебельные;100
UM N ГРУША-100 M;Уголок мебельный груша (100 шт.);2259;упак.;Уголки мебельные;150,9
UM №1 M;Уголок мебельный белый (100 шт.);1394;упак.;Уголки мебельные;150,9
UM №10;Уголок меб. светло-коричневый (терракот (100 шт.));2952;упак.;Уголки мебельные;100
UM №11 M;Уголок мебельный светло-коричневый (100 шт.);2653;упак.;Уголки мебельные;100
UM №16 M;Уголок мебельный слоновая кость (100 шт.);2456;упак.;Уголки мебельные;150,9
UM №2 M;Уголок мебельный бежевый (100 шт.);164;упак.;Уголки мебельные;150,9
UM №20;Уголок мебельный бук бавария(100 шт.);2156;упак.;Уголки мебельные;100,59
UM №20 M;Уголок мебельный бук бавария(100 шт.);1514;упак.;Уголки мебельные;100
UM №4 M;Уголок мебельный коричневый (100 шт.);2550;упак.;Уголки мебельные;150,9
UM №5;Уголок мебельный черный (100 шт.);2894;упак.;Уголки мебельные;100
UM №5 M;Уголок мебельный черный (100 шт.);207;упак.;Уголки мебельные;150,9
UM №9;Уголок мебельный серый (100 шт.);2081;упак.;Уголки мебельные;100,59
UM №9 M;Уголок мебельный серый (100 шт.);1914;упак.;Уголки мебельные;150,9
UM40X19;Уголок монтажный, 40х19 мм;296;шт.;Уголки мебельные;6,81
UM50X26X41;Уголок монтажный универсальный, 50х26х41 мм;2678;шт.;Уголки мебельные;11,09
VS05FZ;Евровинт с потайной головкой для держателя задней панели FM20, 6.3 Х 14;1778;шт.;Уголки мебельные;2,4
У 058;Уголок монтажный, Д=65 мм, Ш=22 мм;891;шт.;Уголки мебельные;13,1
У 100;Уголок монтажный, Д=25 мм, Ш=17 мм;888;шт.;Уголки мебельные;4,08
У 111;Уголок монтажный, Д=25 мм, Ш=40 мм;2403;шт.;Уголки мебельные;8,49
У 157;Уголок монтажный, Д=30 мм, Ш=70 мм;1511;шт.;Уголки мебельные;16,38
У 200;Уголок монтажный, Д=40 мм, Ш=17 мм;2708;шт.;Уголки мебельные;6,81
У 300;Уголок монтажный, Д=50 мм, Ш=17 мм;2635;шт.;Уголки мебельные;7,08
У 393;Уголок монтажный, Д=30 мм, Ш=30 мм;1532;шт.;Уголки мебельные;7,43
У 442;Уголок монтажный, Д=40 мм, Ш=16 мм;301;шт.;Уголки мебельные;8,4
У 500;Уголок монтажный, Д=40 мм, Ш=30 мм;1928;шт.;Уголки мебельные;9,45
У 600;Уголок монтажный, Д=30 мм, Ш=30 мм;2562;шт.;Уголки мебельные;6,48
У 700;Уголок монтажный, Д=25 мм, Ш=25 мм;2750;шт.;Уголки мебельные;5,79
6 X 30 / 1000 ШТ;Шкант мебельный 6 Х 30 (1000 шт.);106;упак.;шканты;274,27
8 X 30 / 27000 ШТ;Шкант мебельный 8 Х 30 (27000 шт.);302;упак.;шканты;4996,99
8 X 30 / 5000ШТ;Шкант мебельный 8 Х 30 (5000 шт.);1214;упак.;шканты;1158,39
8 X 30K / 5000ШТ;Шкант калиброванный мебельный 8 Х 30 (5000 шт.);1174;упак.;шканты;1158,39
8 X 40 / 1000 ШТ;Шкант мебельный 8 Х 40 (1000 шт.);343;упак.;шканты;386,13
8 X 50 / 1000 ШТ;Шкант мебельный 8 Х 50 (1000 шт.);889;упак.;шканты;503,11
EL10/1000;Шкант плоский 53 x 19,4 мм (1000 шт.);1210;упак.;шканты;2187,9
EL20/1000;Шкант плоский 55 x 23,5 мм (1000 шт.);1017;упак.;шканты;2187,9
EL30/1000;Шкант плоский 55 x 30 мм (1000 шт.);524;упак.;шканты;3456,18
SP12FZT00;Шкант металлический папа;1027;шт.;шканты;3,75
SP12FZTFE;Шкант металлический мама;1379;шт.;шканты;3,68
14-001;Брус соединительный белый, Д=2750 мм;2419;шт.;Крепления и соединители;48,84
14-004;Брус соединительный коричневый, Д=2750 мм;1561;шт.;Крепления и соединители;48,84
14-005;Брус соединительный черный, Д=2750 мм;640;шт.;Крепления и соединители;17,5
4247,08;Teks Крепление для фасада (комплект);2215;компл.;Крепления и соединители;42,19
4247,156;Discus Крепление для панели (комплект);1679;компл.;Крепления и соединители;16,53
438;Двухсторонний скотч на основе вспененного ПЭ, Д=50 м;2166;боб;Крепления и соединители;1136,25
CD-3 (500ШТ.);Зеркалодержатель груша (500 шт.);2306;упак.;Крепления и соединители;149
CD6;Зеркалодержатель желтый (500 шт);2954;упак.;Крепления и соединители;138
FS01PB;Крепление для стекла 5 мм белое;1714;шт.;Крепления и соединители;2,94
FS01PMA;Держатель зеркала 5мм, коричневый;899;шт.;Крепления и соединители;0,5
FS01PNE;Держатель зеркала 5мм, черный;634;шт.;Крепления и соединители;1
FS01PT;Крепление для стекла 5 мм прозрачное;239;шт.;Крепления и соединители;2,95
FS02PB;Крепление для стекла 4 мм белое;2401;шт.;Крепления и соединители;6,43
FS02PMА;Держатель зеркала 4мм, коричневый;1195;шт.;Крепления и соединители;4,74
FS02PNE;Держатель зеркала 4мм, черный;908;шт.;Крепления и соединители;1
FS02PT;Крепление для стекла 4 мм прозрачное;2173;шт.;Крепления и соединители;6,43
FS03PB;Держатель зеркала 3мм, белый;1001;шт.;Крепления и соединители;0,5
FS03PMA;Держатель зеркала 3мм, коричневый;2198;шт.;Крепления и соединители;0,5
FS03PNE;Держатель зеркала 3мм, черный;2463;шт.;Крепления и соединители;0,45
FS03PT;Держатель зеркала 3мм, прозрачный;2592;шт.;Крепления и соединители;1
FS0405AC;Держатель зеркала 5 мм коричн.;2072;шт.;Крепления и соединители;0,5
KZS15X15;Крепление задней стенки, 15х15 мм;2897;шт.;Крепления и соединители;0,85
MMC130W;Соединитель диванный клиновой, 130 мм;2745;компл.;Крепления и соединители;34,78
MMZ46X35;Захват для мягкой мебели малый;1203;шт.;Крепления и соединители;6,77
MMZ97X48;Захват для мягкой мебели;383;шт.;Крепления и соединители;15,82
ПК100;Пластина крепежная металлическая, 100*18 мм;2640;шт.;Крепления и соединители;7,35
ПК40;Пластина крепежная металлическая, 38х16 мм;2467;шт.;Крепления и соединители;2,79
ПК50;Пластина крепежная металлическая, 50*18 мм;733;шт.;Крепления и соединители;4,2
MAG A16;Магнит под саморез, D16 мм;1874;шт.;Крепления и соединители;87,44
MAG C16;Магнит со шпилькой М4, D16 мм;1767;шт.;Крепления и соединители;90,86
MAG D16;Ответная планка для магнита под саморез, D16 мм;903;шт.;Крепления и соединители;37,47
MAG N33;Врезной магнит неодимовый, D10 мм;1290;шт.;Крепления и соединители;30,66
MAG VINIL;Магнитный винил с клеевой основой, 1х0,62 м, толщина 0,7 мм, темно-коричневый;518;шт.;Крепления и соединители;851,76
1 02080 20 WA;K-LINE Полкодержатель с дополнительным упором для деревянных полок без фиксации, бронза;2685;шт.;Полкодепжатели;3,39
1 02080 20 YA;K-LINE Полкодержатель с дополнительным упором для деревянных полок без фиксации, никель;2366;шт.;Полкодепжатели;3,39
3 016 107;OR Полкодержатель для стеклянных полок, бронза;2253;шт.;Полкодепжатели;5,65
DUO ZNL-PNE (к-т);Полкодержатель DUO (никель/черный);788;компл.;Полкодепжатели;11,26
DUO ZNL-PT (к-т);Полкодержатель DUO (никель/прозрачный);2295;компл.;Полкодепжатели;13,5
ME01ZBR;Полкодержатель с дополнительным упором для деревянных полок, бронза;926;шт.;Полкодепжатели;2,4
ME01ZNL (144);Полкодержатель с дополнительным упором для деревянных полок, никель;2771;шт.;Полкодепжатели;2,62
ME05ZNL/ШТ;Полкодержатель с дополнительным упором для деревянных полок, никель;2821;шт.;Полкодепжатели;1,49
ME10FNL;Полкодержатель для деревянных полок, никель;2846;шт.;Полкодепжатели;1,06
ME13PT (3006 5)/1000;GERMANY Полкодержатель для стеклянных полок, прозрачный;2811;упак.;Полкодепжатели;1324,26
MV05 (3016 106);OR Полкодержатель для стеклянных полок, никель;2986;шт.;Полкодепжатели;5,02
MV05 (3016 108);OR Полкодержатель для стеклянных полок, золото;1217;шт.;Полкодепжатели;5,65
PK5,0X16 NI;Полкодержатель для деревянных полок, никель;2285;упак.;Полкодепжатели;633,36
PK5,0X16B;Полкодержатель для деревянных полок, хром;230;упак.;Полкодепжатели;495,18
1 02080 50 WA;K-LINE Полкодержатель с дополнительным упором для деревянных полок c фиксацией, бронза;2788;шт.;Полкодепжатели;3,46
1 02080 50 YA;K-LINE Полкодержатель с дополнительным упором для деревянных полок c фиксацией, никель;835;шт.;Полкодепжатели;3,46
1 085 202 000;SPRING Сверло для установки полкодержателя, левое;585;шт.;Полкодепжатели;2995
1 145 201 000;PK2 Сверло для установки полкодержателя;744;шт.;Полкодепжатели;3348,54
1 175 202 000;MAORI 16 Сверло для установки полкодержателя;1978;шт.;Полкодепжатели;7776,92
1 175 204 000;MAORI 25/29 Сверло для установки полкодержателя;2107;шт.;Полкодепжатели;3203,44
1 22220 50 IJ;SECRET Скрытый полкодержатель для деревянных полок толщиной от 25 мм с фиксацией;2025;шт.;Полкодепжатели;76,05
2 567 852;UNICO Полкодержатель для деревянных полок с фиксацией, со штоком без резьбы, светло-серый;1888;шт.;Полкодепжатели;16,82
2 567 862;UNICO Полкодержатель для деревянных полок с фиксацией, со штоком с резьбой, светло-серый;2643;шт.;Полкодепжатели;7,5
2574 20;FLIPPER Полкодержатель для деревянных полок с фиксацией, прозрачный;708;шт.;Полкодепжатели;2,97
2574 21;FLIPPER Полкодержатель для деревянных полок с фиксацией, белый;111;шт.;Полкодепжатели;2,97
2574 22;FLIPPER Полкодержатель для деревянных полок с фиксацией, черный;2267;шт.;Полкодепжатели;2,97
2574 23;FLIPPER Полкодержатель для деревянных полок с фиксацией, коричневый;1762;шт.;Полкодепжатели;2,97
2574 30;FLIPPER Полкодержатель для деревянных полок с фиксацией, серый;651;шт.;Полкодепжатели;2,97
2574 36;FLIPPER Шток-евровинт для полкодержателя;2370;шт.;Полкодепжатели;2,19
2574 50;FLIPPER Шток с гладким штифтом для полкодержателя;123;шт.;Полкодепжатели;2,76
2 597 041;PK2 Полкодержатель пластик светло-серый;1364;шт.;Полкодепжатели;10,11
2597 15;PK2 Опора полкодержателя с дюбелем, никель;2722;шт.;Полкодепжатели;12,02
2597 25;PK2 Опора полкодержателя с евровинтом, никель;2750;шт.;Полкодепжатели;11,8
2597 35;PK2 Опора полкодержателя с саморезом, никель;236;шт.;Полкодепжатели;11,8
2597 36;PK2 Опора полкодержателя с саморезом, бронза;951;шт.;Полкодепжатели;12,65
2598 15;SPRING Полкодержатель с подпружиненным штоком для деревянных полок с фиксацией;1459;шт.;Полкодепжатели;16,04
2600 112 MAORI12;MAORI 12, корпус полкодержателя для ДСП от 12 мм;268;шт.;Полкодепжатели;0,83
2600 116 MAORI16;MAORI Корпус полкодержателя для деревянных полок толщиной от 16 мм с фиксацией;2954;шт.;Полкодепжатели;4,45
2600 310 MAORI12;MAORI 12, опора полкодержателя для ДСП от 12 мм, Никель;689;шт.;Полкодепжатели;1,13
2600 410 MAORI16;MAORI Опора полкодержателя для деревянных полок толщиной от 16 мм с фиксацией, никель;1345;шт.;Полкодепжатели;6,57
2600 420 MAORI16;MAORI Опора полкодержателя для деревянных полок толщиной от 16 мм с фиксацией, с дюбелем и саморезом, никель;59;шт.;Полкодепжатели;11,87
3526 79 М4;Цилиндр с внутренней резьбой М4;2887;шт.;Полкодепжатели;8,84
AL02;Полкодержатель для деревянных полок с фиксацией, с двумя отверстиями под саморез, никель;662;шт.;Полкодепжатели;6,36
AL02 ZBR;Полкодержатель для деревянных полок с фиксацией, с двумя отверстиями под саморез, бронза;2053;шт.;Полкодепжатели;6,36
AL22;Полкодержатель для деревянных полок с фиксацией, с круглым и овальным отверстиями под саморез, никель;2467;шт.;Полкодепжатели;6,36
AL22 ZBR;Полкодержатель для деревянных полок с фиксацией, с круглым и овальным отверстиями под саморез, бронза;511;шт.;Полкодепжатели;6,36
BR01;Фиксатор полки, белый;2297;шт.;Полкодепжатели;1,06
CN01NL;ONE Заглушка полкодержателя, никель;423;шт.;Полкодепжатели;4,03
E004-BLACK;E004 Полкодержатель черный;2585;шт.;Полкодепжатели;0,2
E004-SCREW;Винт полкодержателя E004/E005;302;шт.;Полкодепжатели;0,21
ME03ZNL;Полкодержатель для деревянных полок с фиксацией, со штоком и отверстием под саморез, никель;2467;шт.;Полкодепжатели;3,11
ME04ZNL (1841-07);Полкодержатель для деревянных полок с фиксацией, никель;1803;шт.;Полкодепжатели;3,11
ME19PMA;Полкодержатель пластиковый коричневый;1283;шт.;Полкодепжатели;0,25
ME19PNE;Полкодержатель пластиковый черный;838;шт.;Полкодепжатели;0,25
ME36 PMA;Полкодержатель-фиксатор для ДСП 16 мм (коричневый);897;шт.;Полкодепжатели;0,25
ME36 PT;Полкодержатель для деревянных полок с фиксацией, без сверления, прозрачный;257;шт.;Полкодепжатели;0,25
ME37 PMA;Полкодержатель-фиксатор для ДСП 18 мм (коричневый);1622;шт.;Полкодепжатели;0,25
ON01;ONE Полкодержатель для деревянных полок от 16 мм с фиксацией;1145;шт.;Полкодепжатели;5,94
SI033;SI03 Полкодержатель для деревянных полок с фиксацией, серый;1910;шт.;Полкодепжатели;2,05
SI036;SI03 Полкодержатель для деревянных полок с фиксацией, бук;1993;шт.;Полкодепжатели;1,39
SI037;SI03 Полкодержатель для деревянных полок с фиксацией, бежевый;1722;шт.;Полкодепжатели;2,05
SI038;SI03 Полкодержатель для деревянных полок с фиксацией, вишня;1610;шт.;Полкодепжатели;1,3
SI039;SI03 Полкодержатель для деревянных полок с фиксацией, дуб;1021;шт.;Полкодепжатели;1,55
SI03PB;SI03 Полкодержатель для деревянных полок с фиксацией, белый;2660;шт.;Полкодепжатели;2,05
SI03PMA;SI03 Полкодержатель для деревянных полок с фиксацией, коричневый;1905;шт.;Полкодепжатели;2,05
SI03PNE;SI03 Полкодержатель черный;2661;шт.;Полкодепжатели;1,3
TZ01;ZERO Шток для полкодержателя;181;шт.;Полкодепжатели;5,73
TZ02;ONE Шток-евровинт для полкодержателя;1834;шт.;Полкодепжатели;4,31
VE08FZ;SI03 Винт для полкодержателя;2284;шт.;Полкодепжатели;1,84
ZE01;ZERO Скрытый фронтальный полкодержатель для деревянных полок толщиной от 18 мм с фиксацией;1856;шт.;Полкодепжатели;7,07
ZE02;ZERO Скрытый тыльный полкодержатель для деревянных полок толщиной от 18 мм с фиксацией;288;шт.;Полкодепжатели;7,07
1 02080 30 WA;K-LINE Полкодержатель с дополнительным упором для стеклянных полок без фиксации, бронза;493;шт.;Полкодепжатели;7,63
1 02080 30 YA;K-LINE Полкодержатель с дополнительным упором для стеклянных полок без фиксации, никель;2155;шт.;Полкодепжатели;7,63
3011 23 DREAM;DREAM Полкодержатель для стеклянных полок, никель;1441;шт.;Полкодепжатели;5,87
3 016 107;OR Полкодержатель для стеклянных полок, бронза;939;шт.;Полкодепжатели;5,65
CF135 PB;Полкодержатель с гвоздем для деревянных полок, белый;1627;шт.;Полкодепжатели;2,9
CF135 PMA;Полкодержатель с гвоздем для деревянных полок, коричневый;645;шт.;Полкодепжатели;0,95
DUO ZNL-PNE (к-т);Полкодержатель DUO (никель/черный);117;компл.;Полкодепжатели;11,26
DUO ZNL-PT (к-т);Полкодержатель DUO (никель/прозрачный);1709;компл.;Полкодепжатели;13,5
K310 CP;Полкодержатель с присосокой для стеклянных полок, под саморез, хром;1191;шт.;Полкодепжатели;36,82
ME13PT (3006 5)/1000;GERMANY Полкодержатель для стеклянных полок, прозрачный;1536;упак.;Полкодепжатели;1324,26
MV01-E011;Полкодержатель с присоской для стеклянных полок, никель/прозрачный;2608;шт.;Полкодепжатели;3,68
MV01ZBR;Полкодержатель с присоской для стеклянных полок, бронза/прозрачный;1041;шт.;Полкодепжатели;3
MV01ZNL;Полкодержатель с присоской для стеклянных полок, никель/прозрачный;2441;шт.;Полкодепжатели;5,8
MV02PT;Полкодержатель для стеклянных полок, прозрачный;1860;шт.;Полкодепжатели;3,18
MV02PT (к-т);Полкодержатель прозрачный;1997;компл.;Полкодепжатели;5,3
MV03-E016;Полкодержатель с присоской и дополнительным упором для стеклянных полок, никель/прозрачный;1927;шт.;Полкодепжатели;3,11
MV03ZBR;Полкодержатель с присоской и дополнительным упором для стеклянных полок, бронза/прозрачный;2199;шт.;Полкодепжатели;5,8
MV03ZNL (140-07);Полкодержатель с присоской и дополнительным упором для стеклянных полок, никель/прозрачный;1860;шт.;Полкодепжатели;5,94
MV05 (3016 106);OR Полкодержатель для стеклянных полок, никель;1127;шт.;Полкодепжатели;5,02
MV05 (3016 108);OR Полкодержатель для стеклянных полок, золото;937;шт.;Полкодепжатели;5,65
PK5,0X16B+К;Полкодержатель в пластиковом чехольчике для стеклянных полок, хром;297;упак.;Полкодепжатели;909,72
SP03FZ;MV02PT Шток полкодержателя, никель;393;шт.;Полкодепжатели;2,12
1 60190 20 WA;KUBIC, корпус полкодержателя со штоком, бронза;403;шт.;Полкодепжатели;12
1 60190 30 YA;KUBIC, корпус полкодержателя с отверстием под саморез, никель;399;шт.;Полкодепжатели;11,5
1 60191 40 WA;KUBIC, верхний фиксатор полкодержателя, бронза;464;шт.;Полкодепжатели;4,5
1 60191 40 YA;KUBIC, верхний фиксатор полкодержателя, никель;1139;шт.;Полкодепжатели;9
1 60200 50 WA;KUBIC Полкодержатель для стеклянных полок толщиной 4-9 мм, под саморез, бронза;1033;шт.;Полкодепжатели;58,52
1 60200 50 YA;KUBIC Полкодержатель для стеклянных полок толщиной 4-9 мм, под саморез, никель;2797;шт.;Полкодепжатели;56,97
1 60200 60 WA;KUBIC Полкодержатель для стеклянных полок толщиной 4-9 мм, со штоком, бронза;2985;шт.;Полкодепжатели;15
1 60200 60 YA;KUBIC Полкодержатель для стеклянных полок толщиной 4-9 мм, со штоком, никель;469;шт.;Полкодепжатели;56,76
1 61130 10 KB;KRISTAL Полкодержатель для стеклянных полок толщиной 5-6 мм, под саморез, хром;2226;шт.;Полкодепжатели;34,77
1 61130 10 YA;KRISTAL Полкодержатель для стеклянных полок толщиной 5-6 мм, под саморез, никель;389;шт.;Полкодепжатели;25,52
1 61130 40 KB;KRISTAL Полкодержатель для стеклянных полок толщиной 5-6 мм, со штоком, хром;606;шт.;Полкодепжатели;35,83
1 61140 10 KB;KRISTAL Полкодержатель для стеклянных полок толщиной 8 мм, под саморез, хром;436;шт.;Полкодепжатели;35,83
1 61140 10 YA;KRISTAL Полкодержатель для стеклянных полок толщиной 8 мм, под саморез, никель;1445;шт.;Полкодепжатели;26,43
3020 51 PEKI;PEKI Полкодержатель с фиксатором для стеклянных полок толщиной 4-10 мм, бронза;1743;шт.;Полкодепжатели;40,15
3020 52 PEKI;PEKI Полкодержатель с фиксатором для стеклянных полок толщиной 4-10 мм, никель;446;шт.;Полкодепжатели;32,3
3023 422 COBRA 5-6MM;COBRA Полкодержатель для стеклянных полок толщиной 5-6 мм, под саморез, бронза;539;шт.;Полкодепжатели;5,12
3023 462 COBRA 5-6MM;COBRA Полкодержатель для стеклянных полок толщиной 5-6 мм, со штоком, бронза;930;шт.;Полкодепжатели;3
3023 47 COBRA 8-10MM;COBRA Полкодержатель для стеклянных полок толщиной 8-10 мм, со штоком, никель;847;шт.;Полкодепжатели;3
3023 472 COBRA 8-10M;COBRA Полкодержатель для стеклянных полок толщиной 8-10 мм, со штоком, бронза;543;шт.;Полкодепжатели;5,12
3023 95;PICCHIO Полкодержатель с фикс. D10 мм;405;шт.;Полкодепжатели;0,5
F001 CHROME;Полкодержатель для стеклянных полок толщиной 8-10 мм, хром;1661;шт.;Полкодепжатели;92,17
F001 PEARL;Полкодержатель для стеклянных полок толщиной 8-10 мм, никель матовый;1198;шт.;Полкодепжатели;49,5
F002 CHROME;Полкодержатель для стеклянных полок толщиной 8-10 мм, хром;2344;шт.;Полкодепжатели;80,65
F004;Полкодержатель для стеклянных полок толщиной 8-10 мм, хром;1712;шт.;Полкодепжатели;57,6
F005;Полкодержатель для стеклянных полок толщиной 6-8 мм, хром;1478;шт.;Полкодепжатели;34,56
FA08 CR;Полкодержатель для стеклянных полок толщиной 5-6 мм, со штоком, хром;2143;шт.;Полкодепжатели;17,67
FA08 NI;Полкодержатель для стеклянных полок толщиной 5-6 мм, со штоком, никель;467;шт.;Полкодепжатели;13,57
FA09 CR;Полкодержатель для стеклянных полок толщиной 8-10 мм, со штоком, хром;209;шт.;Полкодепжатели;4
FA09 NI;Полкодержатель никель;611;шт.;Полкодепжатели;6,5
FA10 CR;Полкодержатель для стеклянных полок толщиной 5-6 мм, под саморез, хром;73;шт.;Полкодепжатели;15,27
FA10 NI;Полкодержатель для стеклянных полок толщиной 5-6 мм, под саморез, никель;419;шт.;Полкодепжатели;9,68
FA11 CR;Полкодержатель для стеклянных полок толщиной 8-10 мм, под саморез, хром;1126;шт.;Полкодепжатели;18,45
FA11 NI;Полкодержатель для стеклянных полок толщиной 8-10 мм, под саморез, никель;856;шт.;Полкодепжатели;8,69
FA18 CR;Полкодержатель для стеклянных полок толщиной 5-6 мм, хром;855;компл.;Полкодепжатели;50,68
FA19 CR;Полкодержатель для стеклянных полок толщиной 8-10 мм, хром;2632;компл.;Полкодепжатели;95,77
MV07FNL;Полкодержатель для стеклянных полок толщиной 5-8 мм, со штоком, никель;501;шт.;Полкодепжатели;16,86
MV08-F007;Полкодержатель для стеклянных полок толщиной 5-8 мм, со штоком, хром;2375;шт.;Полкодепжатели;16,82
MV08-F008;Полкодержатель для стеклянных полок толщиной 5-8 мм, со штоком, хром;776;шт.;Полкодепжатели;16,82
MV08ZBR;Полкодержатель для стеклянных полок толщиной 5-8 мм, со штоком, бронза;927;шт.;Полкодепжатели;11,31
MV08ZNL;Полкодержатель для стеклянных полок толщиной 5-8 мм, со штоком, никель;2126;шт.;Полкодепжатели;9,33
MV14ZCR;Полкодержатель для стеклянных полок толщиной 5-6 мм, хром;1036;шт.;Полкодепжатели;35
MV15BZO;Полкодержатель для стеклянных полок толщиной 8-10 мм, золото;2638;шт.;Полкодепжатели;149,91
MV15ZCR;Полкодержатель для стеклянных полок толщиной 8-10 мм, хром;2872;шт.;Полкодепжатели;69,48
MV16ZCR;Полкодержатель для стеклянных полок толщиной 8-10 мм, хром;860;шт.;Полкодепжатели;136,41
MV16ZO;Полкодержатель для стеклянных полок толщиной 8-10 мм, золото;1081;шт.;Полкодепжатели;49,5
MV24PT;Полкодержатель для стеклянных полок с фиксацией, прозрачный;749;шт.;Полкодепжатели;2,33
515.BL;Пластик. кольцо для опоры черн. D50 мм.;870;шт.;Опора;44,18
516.BL;Пластик. кольцо для опоры черн. D60 мм.;2401;шт.;Опора;45,8
552.BL;Крепление боковое черн., пластик;1103;шт.;Опора;77,82
553.BL;Крепление фронтальное черн., пластик;462;шт.;Опора;65,8
145 710ММ / 4 ШТ;Опора для стекла, D60, H710+25 мм, хром, 4шт.;1452;упак.;Опора;2865,19
C25 ST;Элемент для клейки стекла на трубу d 25 с винтом М10 сталь;2433;шт.;Опора;113,57
C25/V ST;Элемент для клейки стекла на трубу d 25 без винта сталь;2955;шт.;Опора;107,89
C50 ST;Элемент для клейки стекла на трубу d 50 с винтом М10 сталь;1342;шт.;Опора;193,06
C50/V ST;Элемент для клейки стекла на трубу d 50 без винта сталь;1250;шт.;Опора;176,03
407 710ММ / 4 ШТ;Опора для стола конусная, H710+10 мм, хром, 4шт.;2849;упак.;Опора;4692,59
613.A0.01;Опора для стола с заглушкой, D60, H700+100мм, серебро, 1шт.;1023;шт.;Опора;1766,29
613.C1.01;Опора для стола с заглушкой, D60, H700+100мм, хром, 1шт.;1834;шт.;Опора;1428,94
613.R1;Колесо для опоры с заглушкой;416;шт.;Опора;472,07
633.A0.04;Опора для стола треугольная, H710+10 мм, серебро, 4шт.;1471;компл.;Опора;7000
633.AN.04;Опора для стола треугольная, H710+10 мм, нерж. сталь, 4шт.;215;компл.;Опора;5650
701.A0.02;Опора для стола квадратная, 60х60 мм, H710+15 мм, серебро, 4шт.;2996;упак.;Опора;4305
701.AB.02;Опора для стола квадратная, 60х60 мм, H710+15 мм, бронза, 4шт.;2658;упак.;Опора;4515
702.A0.01;Опора для стола круглая, D60, H710+15 мм, серебро, 4шт.;111;упак.;Опора;4042,5
702.AB.01;Опора для стола круглая, D60, H710+15 мм, бронза, 4шт.;858;упак.;Опора;4189,5
705.A0.04;Опора для стола треугольная, H710+15 мм, серебро, 4шт.;1566;упак.;Опора;6405
ART.974 /4;Опора алюминиевая для стола;2982;упак.;Опора;2500
ART.979 /4;Опора для стола квадратная, 60х60 мм, H710+25 мм, ал. мат, 4шт.;1249;упак.;Опора;4896,64
ART.989 /4;Опора для стола квадратная, 60х60 мм, H710+25 мм, серебро, 4шт.;2985;упак.;Опора;4500
D35/715 АЛЮМ MAT;Опора для стола П-образная, D32, H695+10мм, хром матовый, 1шт.;2901;шт.;Опора;1476,38
D35/715 АЛЮМ ГЛЯН;Опора для стола П-образная, D32, H695+10мм, алюм. глянец, 1шт.;306;шт.;Опора;1075
D50/715 АЛЮМ ГЛЯН/4;Опора для стола, D50, H715+25 мм, алюм. глянец, 4шт.;91;упак.;Опора;1440
D50/715 АЛЮМ МАТ/4;Опора для стола, D50, H715+25 мм, хром матовый, 4шт.;338;упак.;Опора;1370
D50/715 БЕЛ / 4 ШТ;Опора для стола, D50, H715+25 мм, белый глянец, 4шт.;1606;упак.;Опора;1370
D50/715 ХРОМ/4;Опора для стола, D50, H715+25 мм, хром вулканический, 4шт.;752;упак.;Опора;1570
D50/715 ЧЕР МУАР/4;Опора для стола, D50, H715+25 мм, черный муар, 4шт.;2981;упак.;Опора;1370
D63_715 АЛЮМ МАТ_4;Опора для стола, D63, H715+25 мм, хром матовый, 4шт.;739;упак.;Опора;1990
LEG40X720 CR CC 4;Опора для царгового стола, D40, H720 мм, изогнутая, хром, 4шт.;1023;упак.;Опора;2271,36
LEG50X720 MT 4;Опора для стола, D50, H720+20 мм, металлик, 4шт.;551;упак.;Опора;940
LEG50X720 MT CC 4;Опора для царгового стола, D50, H720+20 мм, металлик, 4шт.;1166;упак.;Опора;1124,32
LS20/715 АЛЮМ ГЛЯН/4;Опора для стола V-образная, H715 мм, алюм. глянец, 4шт.;696;упак.;Опора;999
LS20/715 АЛЮМ МАТ/4;Опора для стола V-образная, H715 мм, хром матовый, 4шт.;904;упак.;Опора;1589,95
LS20/715 ХРОМ/4;Опора для стола V-образная, H715 мм, хром вулканический, 4шт.;2235;упак.;Опора;1703,52
LS720 GR 4;Опора для стола V-образная, H720 мм, серый, 4шт.;2024;упак.;Опора;585
LS720 MT 4;Опора для стола V-образная, H720 мм, металлик, 4шт.;1314;упак.;Опора;1170
T027.C70N.110;Опора для стола складная, D50, Н700+30мм, хром, 1шт.;1930;шт.;Опора;1411,76
T027.C70N.208;Опора для стола складная, D50, Н700+30мм, серебро, 1шт.;510;шт.;Опора;1614,4
V40X40/720 AL;Опора для стола V-образная, 40х40, H720+5мм, хром матовый, 1шт.;68;шт.;Опора;1362,82
V40X40/720 BL;Опора для стола V-образная, 40х40, H720+5мм, черный, 1шт.;798;шт.;Опора;1362,82
V40X40/720 CR;Опора для стола V-образная, 40х40, H720+5мм, хром вулканический, 1шт.;2770;шт.;Опора;1646,74
X4RG 1100 CR 1;Опора для стола, D60, H1100+25 мм, хром, 1шт.;754;шт.;Опора;400,12
X4RG 710 / 4 ШТ;Опора для стола, D60, H715+25 мм, хром, 4шт.;2535;упак.;Опора;1200
X4RG 710 CR 4;Опора для стола, D60, H710+25 мм, хром, 4шт.;2919;упак.;Опора;1017,37
X4RG 710 MCR 4;Опора для стола, D60, H710+25 мм, мат. хром, 4шт.;796;упак.;Опора;1200,29
X4RG 710 MNK 4;Опора для стола, D60, H710+25 мм, мат. никель, 4шт.;666;упак.;Опора;1364,83
X4RG 710/MCR 4 ШТ;Опора для стола, D60, H715+25 мм, мат. хром, 4шт.;1235;упак.;Опора;1400
X4RG 870 CR 1;Опора для стола, D60, H870+25 мм, хром, 1шт.;619;шт.;Опора;325,83
П60X30/720 AL;Опора для стола П-образная, 60х30, H720+5мм, хром матовый, 1шт.;1306;шт.;Опора;1873,87
П60X30/720 BL;Опора для стола П-образная, 60х30, H720+5мм, черный, 1шт.;2957;шт.;Опора;1873,87
П60X30/720 CR;Опора для стола П-образная, 60х30, H720+5мм, хром вулканический, 1шт.;2325;шт.;Опора;2044,22
ПТ60X30/820-870 BL;Опора для стола П-образная, 60х30, H820-870(+5мм), черный, 1шт.;194;шт.;Опора;2044,22
ПТ60X30/820-870 CR;Опора для стола П-образная, 60х30, H820-870(+5мм), хром вулканический, 1шт.;1071;шт.;Опора;2214,58
ПТ60X30/820-870 WH;Опора для стола П-образная, 60х30, H820-870(+5мм), белый, 1шт.;496;шт.;Опора;2044,22
ТЕЛЕСКОП АЛЮМ МАТ;Опора телескоп, H450-630 мм, хром матовый, 1шт.;624;шт.;Опора;431,56
F7S60X60/730CR;Подстолье 60х60, H730+5мм, хром, 1шт.;80;компл.;Опора;5523
L1D60/730CR;Подстолье D60, H730+5мм, хром, 1шт.;1629;компл.;Опора;4095
T80X80/715BL;Подстолье 80х80, H715+5мм, черный, 1шт.;671;компл.;Опора;3585,75
T80X80TWIN/715BL;Подстолье 80х80 двойное, H715+5мм, черный, 1шт.;732;компл.;Опора;6069
Т 76/715 АЛЮМ МАТ;Подстолье с круглым основ, D60, H700, хром матовый, 1шт.;929;шт.;Опора;3179,9
Т 76/715 АЛЮМ МАТ КВ;Подстолье с квадратным основ, D60, H700, хром матовый, 1шт.;2128;шт.;Опора;3179,9
Т 76/715 ХРОМ;Подстолье с круглым основ, D60, H700, хром вулканический, 1шт.;355;шт.;Опора;1240
Т 76/715 ХРОМ КВ;Подстолье с квадратным основ, D60, H700, хром вулканический, 1шт.;1503;шт.;Опора;1440
ADJ1.020.CM;Опора декоративная Н20+8мм хром матовый;1953;шт.;Опора;34,07
ADJ10.060.AL;Опора декоративная Н60+18мм хром матовый;2817;шт.;Опора;433,41
ADJ10.060.CR;Опора декоративная Н60+18мм хром;1922;шт.;Опора;200
ADJ2.045.CM;Опора декоративная Н45+8мм хром матовый;2805;шт.;Опора;39,75
ADJ3.040.CM;Опора декоративная Н40+10мм хром матовый;1976;шт.;Опора;26,25
ADJ4.060.CMCR;Опора декоративная D56мм, Н60+27мм хром матовый/хром;2366;шт.;Опора;56,78
ADJ4.100.CMCR;Опора декоративная D56мм, Н100+27мм хром матовый/хром;998;шт.;Опора;62,46
ADJ5.100.CM;Опора декоративная Н100+10мм хром матовый;1221;шт.;Опора;20
ADJ6.020.CM;Опора декоративная Н20+8мм хром матовый;2625;шт.;Опора;24,15
ADJ7.060.AL;Опора декоративная D40мм, Н60+18мм алюминий;1235;шт.;Опора;46,07
ADJ7.060.CR;Опора декоративная D40мм, Н60+18мм хром;1573;шт.;Опора;69,3
ADJ7.100.AL;Опора декоративная D40мм, Н100+18мм алюминий;374;шт.;Опора;59,85
ADJ7.100.CR;Опора декоративная D40мм, Н100+18мм хром;812;шт.;Опора;77,7
ADJ7.120.AL;Опора декоративная D40мм, Н120+18мм алюминий;2371;шт.;Опора;71,87
ADJ7.150.AL;Опора декоративная D40мм, Н150+18мм алюминий;2881;шт.;Опора;86,61
ADJ7.150.CR;Опора декоративная D40мм, Н150+18мм хром;1258;шт.;Опора;109,2
ADJ7.180.AL;Опора декоративная Н180+18мм алюминий;2296;шт.;Опора;112,35
ADJ8.060.AL;Опора декоративная Н60+18мм алюминий;1960;шт.;Опора;46,07
ADJ8.060.CR;Опора декоративная Н60+18мм хром;1350;шт.;Опора;57,75
ADJ8.100.AL;Опора декоративная Н100+18мм алюминий;573;шт.;Опора;59,85
ADJ8.100.CR;Опора декоративная Н100+18мм хром;592;шт.;Опора;77,7
ADJ8.120.AL;Опора декоративная Н120+18мм алюминий;2073;шт.;Опора;71,87
ADJ8.150.AL;Опора декоративная Н150+18мм алюминий;695;шт.;Опора;86,61
ADJ8.150.CR;Опора декоративная Н150+18мм хром;2457;шт.;Опора;109,2
ADJ8.180.AL;Опора декоративная Н180+18мм алюминий;1330;шт.;Опора;112,35
ADJ9.016.AL;Опора декоративная Н16+18мм хром матовый;1339;шт.;Опора;272,4
ADJ9.016.CR;Опора декоративная Н16+18мм хром;2749;шт.;Опора;340,68
FIX01.050.CM;Опора декоративная Н50мм хром матовый;1303;шт.;Опора;28,39
FIX01.100.CM;Опора декоративная Н100мм хром матовый;2235;шт.;Опора;51,1
FIX01.150.CM;Опора декоративная Н150мм хром матовый;1554;шт.;Опора;56,78
FIX011.100.CR;Опора декоративная Н100мм хром;394;шт.;Опора;100
FIX013.100.CR;Опора декоративная D50мм, Н100мм хром;1848;шт.;Опора;50
FIX013/R.100.CR;Опора декоративная D50мм, Н100мм хром;2462;шт.;Опора;82,95
FIX014.043.CR;Опора декоративная D40мм, Н43мм хром;2223;шт.;Опора;50
FIX015.055.CR;Опора декоративная Н55мм хром;1042;шт.;Опора;332,48
FIX016.055.CR;Опора декоративная Н55мм хром;1404;шт.;Опора;184,83
FIX017.052.CR;Опора декоративная Н52мм хром;2205;шт.;Опора;230,84
FIX018.035.CR;Опора декоративная Н35мм хром;777;шт.;Опора;230,84
FIX019.135.CR;Опора декоративная Н135мм хром;951;шт.;Опора;225,61
FIX020.100.AL;Опора декоративная Н100мм алюминий;2397;шт.;Опора;302,09
FIX020.120.AL;Опора декоративная Н120мм алюминий;1287;шт.;Опора;320,6
FIX020.150.AL;Опора декоративная Н150мм алюминий;274;шт.;Опора;350,29
LF010 АЛЮМ ГЛЯН;Опора декоративная D51мм, Н150+33мм алюминий глянец;558;шт.;Опора;140,83
NA01C00 100ММ;Опора декоративная Н100мм алюминий;2315;шт.;Опора;150
NA02C00 100ММ;Опора декоративная Н100мм алюминий;137;шт.;Опора;200
NA02C00 120ММ;Опора декоративная Н120мм алюминий;2519;шт.;Опора;50
NA02C00 150ММ;Опора декоративная Н150мм алюминий;686;шт.;Опора;50
NA03C00/100/R;Опора декоративная Н100+20мм алюминий;104;шт.;Опора;573,71
NA10C00 R120ММ;Опора декоративная D32мм, Н120+10мм алюминий;2150;шт.;Опора;150
NA10C00 R150ММ;Опора декоративная D32мм, Н150+10мм алюминий;957;шт.;Опора;412,63
NA10C00/R 100ММ;Опора декоративная D32мм, Н100+10мм алюминий;535;шт.;Опора;362,16
NA10C00/R 180ММ;Опора декоративная D32мм, Н180+10мм алюминий;1115;шт.;Опора;417,86
NA11C00 R120ММ;Опора декоративная D50мм, Н120+10мм алюминий;2987;шт.;Опора;469,81
NA11C00 R150ММ;Опора декоративная D50мм, Н150+10мм алюминий;1755;шт.;Опора;473,49
NA11C00/R 100ММ;Опора декоративная D50мм, Н100+10мм алюминий;234;шт.;Опора;408,95
NA11C00/R 180ММ;Опора декоративная D50мм, Н180+10мм алюминий;602;шт.;Опора;484,65
NA12C00 R120ММ;Опора декоративная D50мм, Н120+8мм алюминий;1286;шт.;Опора;150
NA12C00 R150ММ;Опора декоративная D50мм, Н150+8мм алюминий;1208;шт.;Опора;150
NA12C00 R180ММ;Опора декоративная D50мм, Н180+8мм алюминий;1009;шт.;Опора;489,81
NA12C00/R 100ММ;Опора декоративная D50мм, Н100+8мм алюминий;2732;шт.;Опора;432,7
NA20C00 100ММ;Опора декоративная Н100мм алюминий;1525;шт.;Опора;200
NA20C00/R 100ММ;Опора декоративная Н100+8мм алюминий;130;шт.;Опора;631,6
NA50C00/ 100ММ;Опора декоративная Н100мм алюминий;905;шт.;Опора;20
NA53C00/R 100ММ;Опора декоративная D32мм, Н100+15мм алюминий;2323;шт.;Опора;150
NZ0104/C 98ММ;Опора декоративная Н98мм хром;2151;шт.;Опора;50
NZ0204 90ММ;Опора декоративная Н90мм хром;1323;шт.;Опора;20
NZ0204/C 90ММ;Опора декоративная Н90мм хром;1894;шт.;Опора;20
NZ0404/C 124ММ;Опора декоративная Н124мм хром;103;шт.;Опора;50
NZ0704/C 120ММ;Опора декоративная Н120мм хром;2992;шт.;Опора;158,82
NZ0903 103ММ;Опора декоративная Н103мм золото;2616;шт.;Опора;437,86
NZ0904/ADJ;Опора декоративная Н105+8мм хром;2400;шт.;Опора;176,63
NZ0904/C;Опора декоративная Н100мм хром;2325;шт.;Опора;50
NZ0906 103ММ;Опора декоративная Н103мм никель матовый;1765;шт.;Опора;362,94
NZ1804 103ММ;Опора декоративная Н103мм хром;2981;шт.;Опора;100
NZ4708 100ММ;Опора декоративная D35мм, Н100+10мм хром матовый;1103;шт.;Опора;443,8
NZ4708 120ММ;Опора декоративная D35мм, Н120+10мм хром матовый;1068;шт.;Опора;200
NZ5208RSM 55ММ;Опора декоративная Н55мм хром матовый;2418;шт.;Опора;284,98
NZ5504 74ММ;Опора декоративная Н74+13мм хром;430;шт.;Опора;489,81
NZ5508 74ММ;Опора декоративная Н74+13мм хром матовый;1496;шт.;Опора;489,81
04.C060;Ножка пластиковая серии 1004, h=60 мм;2594;шт.;Опора;31
5,0261;База для пластиковой ножки овальная серии 1004;1409;шт.;Опора;11,45
7,121;Винт крепежный для ножки  серии 1004;563;шт.;Опора;6,86
1004.A60;Ножка пластиковая серии 1004, h=60 мм;59;шт.;Опора;34,28
1501KEY;Ключ для регулировки ножек серии 1004;2662;шт.;Опора;589,12
2 01030 20 GR;Футорка металлическая D10, М8 Х 18;1601;шт.;Опора;3,68
3 01070 10 EA;Корпус для опоры Integrato, h=24;1283;шт.;Опора;1,75
3 01070 20 EA;INTEGRATO Корпус для опоры, В=40 мм;2225;шт.;Опора;12,58
3 01070 30 EA;INTEGRATO Корпус для опоры, В=60 мм;2319;шт.;Опора;14,49
3 030 152 000;REKORD12 Сверло для установки опоры, 120 мм;513;шт.;Опора;2995
3 030 153 000;REKORD12 Сверло для установки опоры, 96 мм;2966;шт.;Опора;2995
3 15010 30 WI;Клипса для деревянного цоколя;2605;шт.;Опора;28,77
3 15040 10 ZN;Шток для крепления клипсы для деревянного цоколя;269;шт.;Опора;16,04
4017.CR 01;Ножка (регулируемая) хром;741;шт.;Опора;13,15
5521 10;Скоба внутренняя металлическая;1533;шт.;Опора;40
6494 916 DX;KEY-F Опора регулируемая колесная, поворотная, правая;1611;шт.;Опора;459,7
6494 917 SX;KEY-F Опора регулируемая колесная, поворотная, левая;2476;шт.;Опора;459,7
6 520 105;REKORD Опора регулируемая, D12 мм, высота отверстия 52 мм;826;шт.;Опора;101,57
X4RG 710 / 4 ШТ;Опора для стола, D60, H715+25 мм, хром, 4шт.;2535;упак.;Опора;1200
6 520 107;REKORD Опора регулируемая, D12 мм, высота отверстия 70 мм;1868;шт.;Опора;112,52
6 520 109;REKORD Опора регулируемая, D12 мм, высота отверстия 96 мм;1896;шт.;Опора;128,64
6 520 112;REKORD Опора регулируемая, D12 мм, высота отверстия 120 мм;1811;шт.;Опора;143,27
6544 4;POTENT Регулятор высоты 25 мм;398;шт.;Опора;6,55
6 555 120;INTEGRATO Z Опора регулируемая, регулировка 10 мм;1332;шт.;Опора;47,5
6 563 860;INTEGRATO Опора регулируемая с шипами, регулировка 25 мм, винт нейлон;100;шт.;Опора;48,27
6 565 550;INTEGRATO Опора регулируемая со штифтами, регулировка 12 мм;1510;шт.;Опора;51,95
6 565 570;INTEGRATO Опора регулируемая со штифтами, регулировка 25 мм;373;шт.;Опора;54,92
6 565 850;INTEGRATO Опора регулируемая с шипами, регулировка 12 мм;1730;шт.;Опора;49,76
6 565 870;INTEGRATO Опора регулируемая с шипами, регулировка 25 мм;812;шт.;Опора;54,07
6 566 100;ATACAMA Опора регулируемая с поддержкой дна и боковины, регулировка 25 мм, винт нейлон;167;шт.;Опора;108,28
6 568 100;ATACAMA J Опора-стяжка регулируемая с поддержкой дна и боковины, регулировка 25 мм, винт замак;1103;шт.;Опора;245,68
LEV M10 X 15;Ножка мебельная на подвижном шарнире хром, М10 Х 15;1304;шт.;Опора;80,22
LEV M8 X 70/L;Опора регулируемая с поддержкой боковины, левая;1192;шт.;Опора;56,05
LEV M8 X 70/R;Опора регулируемая с поддержкой боковины, правая;1953;шт.;Опора;56,05
PI01 M6 X 20;Ножка мебельная черная, М6 Х 20;543;шт.;Опора;4,59
PI02 M8 X 22;Ножка мебельная черная, М8 Х 22;2660;шт.;Опора;5,7
PI02 M8 X 25R;Ножка мебельная черная, М8 Х 25;2379;шт.;Опора;5,57
PI03 M10 X 25;Ножка мебельная черная, М10 Х 25;1028;шт.;Опора;9,06
PI03 M10 X 30R;Ножка мебельная черная, М10 Х 30;1314;шт.;Опора;9,08
PI04 (668);Ножка мебельная черная, регулировка 17 мм;1958;шт.;Опора;16,67
PI04/CH;Ножка мебельная черная, регулировка 17 мм;1180;шт.;Опора;5,68
PI05 M6 X 17;Ножка мебельная черная, М6 Х 17;935;шт.;Опора;4,59
PI05 M6 X 18R;Ножка мебельная черная, М6 Х 18;638;шт.;Опора;3,4
PI06 M8 X 25R;Ножка мебельная черная, М8 Х 25;86;шт.;Опора;6,03
PI06 M8 X 30;Ножка мебельная черная, М8 Х 30;2614;шт.;Опора;6
PI07 M10 X 30;Ножка мебельная черная, М10 Х 30;486;шт.;Опора;10,99
PI07 M10 X 30R;Ножка мебельная черная, М10 Х 30;234;шт.;Опора;9,45
PI08-CH;Ножка мебельная черная H=17мм, регулировка 21мм;1422;шт.;Опора;10,88
PI09;Ножка мебельная черная, регулировка 24 мм;1387;шт.;Опора;13,73
PI10 M6 X 20;Ножка мебельная черная, М6 Х 20;1958;шт.;Опора;7,49
PI11 PNE;Опора регулируемая с поддержкой боковины, черная;1185;шт.;Опора;17,46
PI14;Ножка мебельная с прямым шлицем черная, М8 Х 27;2437;шт.;Опора;10,46
PI77 PNE;Ножка мебельная на подвижном шарнире черная, М10 Х 34;2467;шт.;Опора;85,1
T210K.1425.000;Опора врезная, D14, 25 мм;2670;компл.;Опора;51,5
T210K.2032.101;Опора врезная, D12, 32 мм;966;шт.;Опора;24,97
T210KNE.2025.101;Опора врезная, D12, 52 мм;666;шт.;Опора;24,97
20Х20Х1,5;Заглушка-подпятник;1195;шт.;Подпятники;3
20Х20Х1,5Н;Заглушка-подпятник;1799;шт.;Подпятники;3
25Х25 M8;Заглушка-подпятник с гайкой, М8;2837;шт.;Подпятники;15,96
25Х25 М10;Заглушка-подпятник с гайкой, М10;1742;шт.;Подпятники;17,02
25Х25Х1,5;Заглушка-подпятник;1542;шт.;Подпятники;3
H008 D14;Подпятник с гвоздем белый;1801;шт.;Подпятники;0,99
HR15-NB;Подпятник самоклеящийся круглый D15, коричневый (30 шт.);385;упак.;Подпятники;25,37
HR15-W;Подпятник самоклеящийся круглый D15, белый (30 шт.);2660;упак.;Подпятники;25,37
HR19-G;SuperGlide Подпятник круглый, D19 мм, самоклеящийся;1099;шт.;Подпятники;20,57
HR19-N;SuperGlide Подпятник круглый, D19 мм, с шипом;1492;шт.;Подпятники;23,32
HR19-S;SuperGlide Подпятник круглый, D19 мм, под саморез;2246;шт.;Подпятники;23,32
HR20-NB;Подпятник самоклеящийся круглый D20, коричневый (40 шт.);860;упак.;Подпятники;46,3
HR20-W;Подпятник самоклеящийся круглый D20, белый (40 шт.);85;упак.;Подпятники;46,3
HR25-NB;Подпятник самоклеящийся круглый D25, коричневый (24 шт.);1032;упак.;Подпятники;34,49
HR25-W;Подпятник самоклеящийся круглый D25, белый (24 шт.);968;упак.;Подпятники;34,49
HR30-G;SuperGlide Подпятник круглый, D30 мм, самоклеящийся;725;шт.;Подпятники;28,06
HR30-N;SuperGlide Подпятник круглый, D30 мм, с шипом;638;шт.;Подпятники;32,58
HR30-S;SuperGlide Подпятник круглый, D30 мм, под саморез;986;шт.;Подпятники;32,58
HR35-NB;Подпятник самоклеящийся круглый D35, коричневый (8 шт.);1554;упак.;Подпятники;21,13
HR35-W;Подпятник самоклеящийся круглый D35, белый (8 шт.);1791;упак.;Подпятники;21,13
HS2020-NB;Подпятник самоклеящийся квадратный 20X20мм, коричневый, 40 шт.;1166;упак.;Подпятники;46,3
HS2020-W;Подпятник самоклеящийся квадратный 20X20мм, белый, 40 шт.;2999;упак.;Подпятники;46,3
HS3030-NB;Подпятник самоклеящийся квадратный 30X30мм, коричневый, 12 шт.;2673;упак.;Подпятники;20,21
HS3030-W;Подпятник самоклеящийся квадратный 30X30мм, белый, 12 шт.;980;упак.;Подпятники;20,21
HS4040-NB;Подпятник самоклеящийся квадратный 40X40мм, коричневый, 12 шт.;219;упак.;Подпятники;40,43
HS4040-W;Подпятник самоклеящийся квадратный 40X40мм, белый, 12 шт.;2956;упак.;Подпятники;40,43
SC01PNE;Подпятник черный;1898;шт.;Подпятники;1,2
SC10PMA;Клин монтажный, коричневый;2842;шт.;Подпятники;3,46
ГВОЗДЬ 1000 ШТ;Подпятник мебельный под гвоздь, черный;2809;упак.;Подпятники;590
КРУГЛЫЙ-1 ШТ;Подпятник черный круглый;496;шт.;Подпятники;0,61
101.A2 GR;Опора двухколесная с площадкой, D60 мм, со стопором;1920;шт.;опора;94
101.B2 GR;Опора двухколесная с площадкой, D60 мм, без стопора;2250;шт.;опора;88,56
5521 10;Скоба внутренняя металлическая;1632;шт.;опора;40
613.R1;Колесо для опоры с заглушкой;1233;шт.;опора;472,07
CS-40U;Опора колесная с U-обр. креплением для плиты 16 мм, D40 мм;1150;шт.;опора;26,22
CST10;Опора двухколесная с площадкой, D38 мм, без стопора;2431;шт.;опора;133,16
CST20;Опора двухколесная с площадкой, D38 мм, со стопором;1796;шт.;опора;147,72
CST79 CHROME;Опора двухколесная усиленная, D75 мм, без стопора, хром;1424;шт.;опора;373,47
CST79 GREY;Опора двухколесная усиленная, D75 мм, без стопора, серая;948;шт.;опора;363,86
CST80 CHROME;Опора двухколесная усиленная, D75 мм, со стопором, хром;2773;шт.;опора;406,83
CST80 GREY;Опора двухколесная усиленная, D75 мм, со стопором, серая;617;шт.;опора;397,22
CSU-50P;Опора колесная с площадкой, D50 мм, без стопора;1598;шт.;опора;57,82
FIX06;Площадка 47х47 мм для усиленных опор CST79 и CST80;698;шт.;опора;38,59
FIX09;Штифт М10 для усиленных опор CST79 и CST80;962;шт.;опора;19,3
Helen80 Chrome;Опора Helen 80 мм (со стопором), хром;671;шт.;опора;75
JOK.034C.ZN 01;Опора (колесная) оцинк.;1100;шт.;опора;159,88
OK-40/1-CT;Опора двухколесная с площадкой, D40 мм, со стопором;668;шт.;опора;16,19
OK-40/2-CT;Опора двухколесная с винтом M8, D40 мм, со стопором;2907;шт.;опора;15,62
OK-50/1-CT;Опора двухколесная с площадкой, D50 мм, со стопором;1659;шт.;опора;18,45
OK-50/2-CT;Опора двухколесная с винтом M10, D50 мм, со стопором;1707;шт.;опора;17,88
PV06;Площадка 48х48 мм к опорам RU79 и RU80;1259;шт.;опора;15,24
PV09;Штифт М10 к опорам RU79 и RU80;1926;шт.;опора;21,2
RU55PNE;Опора колесная, поворотная, черная;445;шт.;опора;97,4
RU79;Опора двухколесная усиленная 75 мм (без стопора);208;шт.;опора;388,74
RU80;Опора двухколесная усиленная 75 мм (со стопором);995;шт.;опора;424,08
W00;Опора двухколесная с винтом M10, D50 мм, без стопора;290;шт.;опора;132,95
W00B;Опора двухколесная с винтом M10, D50 мм, со стопором;389;шт.;опора;141,01
W01;Опора двухколесная с площадкой, D50 мм, без стопора;2322;шт.;опора;144,75
W01B;Опора двухколесная с площадкой, D50 мм, со стопором;1455;шт.;опора;147,72
W02;Опора одноколесная с площадкой, D80 мм, без стопора;2940;шт.;опора;163,27
W03;Опора двухколесная с винтом M8, D40 мм, без стопора;508;шт.;опора;39,5
W04;Опора двухколесная с площадкой, D40 мм, без стопора;1311;шт.;опора;103,9
КП 3;Опора колесная, прямоходная, пластиковое колесо, высота 29 мм;2557;шт.;опора;5,49
КП 3М;Опора колесная, прямоходная, прорезиненное колесо, высота 29 мм;2430;шт.;опора;17,14
КП 3Н;Опора колесная, прямоходная, пластиковое колесо, высота 29 мм;1848;шт.;опора;7,35
КП 5;Опора колесная, прямоходная, пластиковое колесо, высота 46 мм;2115;шт.;опора;17
КП 5М;Опора колесная, прямоходная, прорезиненное колесо, высота 46 мм;1895;шт.;опора;23,15
ОК-40/1/K;Опора двухколесная с площадкой, D40 мм, без стопора;2588;шт.;опора;14,84
ОК-40/2/K;Опора двухколесная с винтом M8, D40 мм, без стопора;2767;шт.;опора;14,14
ОК-50/1/K;Опора двухколесная с площадкой, D50 мм, без стопора;1271;шт.;опора;17,1
ОК-50/2/K;Опора двухколесная с винтом M10, D50 мм, без стопора;1709;шт.;опора;16,68
100R;Навес-планка со средним отверстием под крепление, 64 мм;401;шт.;навесы;2,5
200R;Навес-планка с верхним отверстием под крепление, 64 мм;540;шт.;навесы;2,5
300R;Навес-планка с верхним отверстием под крепление, 105 мм;1667;шт.;навесы;3,98
4247,156;Discus Крепление для панели (комплект);1659;компл.;навесы;16,53
55015 R;Мебельный навес универсальный, пластик, белый, 35 кг;2159;шт.;навесы;17,17
55019 R;Мебельный навес универсальный, пластик, коричневый, 35 кг;388;шт.;навесы;15
55031-016;Мебельный навес универсальный, металл, белая пластиковая заглушка, 15 кг;1000;шт.;навесы;14,49
55031-017;Мебельный навес универсальный, металл, коричневая пластиковая заглушка, 15 кг;188;шт.;навесы;14,49
55031-15;Мебельный навес универсальный, пластик, белый, 35 кг;711;шт.;навесы;19,51
55031-19;Мебельный навес универсальный, пластик, коричневый, 35 кг;981;шт.;навесы;19,26
6 01033 50 ZN;LIKU Саморез с полукруглой головкой под крест для крепления мебельного навеса;138;шт.;навесы;4,24
6 02035 40 ZN;LIBRA H7 Саморез с полукруглой головкой под крест для крепления мебельного навеса;995;шт.;навесы;6,43
6 34120 30 EA;Врезной навес с крюком для стеновых панелей, пластик;2391;шт.;навесы;50,61
6 34200 10 ZN;LIBRA H1 Скрытый мебельный навес универсальный с креплением на саморезы;2681;шт.;навесы;63,4
6 34200 20 ZN;LIBRA H2 Скрытый мебельный навес универсальный с креплением на штоки и фиксатор;777;шт.;навесы;74,85
6 34205 00 ZN;LIBRA H6 Скрытый мебельный навес с креплением на штоки D15, правый;1269;шт.;навесы;354,04
6 34205 10 ZN;LIBRA H6 Скрытый мебельный навес с креплением на штоки D15, левый;1557;шт.;навесы;354,04
6 34222 00 ZN;LIBRA H7 Мебельный навес для коробов нижнего яруса с креплением на штоки, правый;331;шт.;навесы;463,87
6 34222 10 ZN;LIBRA H7 Мебельный навес для коробов нижнего яруса с креплением на штоки, левый;1071;шт.;навесы;463,87
6 34500 10 ZN;LIBRA WP1 Планка для навесов, сталь;812;шт.;навесы;24,1
6 34500 20 ZN;LIBRA WP2 Планка для навесов с вертикальной регулировкой, сталь;2259;шт.;навесы;36,12
6 34500 50 ZN;LIBRA WP5 Планка для навесов для коробов нижнего яруса, сталь;2363;шт.;навесы;108,78
6 34600 10 ZN;LIBRA CC1 Заглушка для навесов D12, металл, никель;1624;шт.;навесы;12
6 34610 10 BL;LIBRA CC2 Заглушка для навесов D12, пластик, черная;1045;шт.;навесы;7,07
6 34610 10 GR;LIBRA CC2 Заглушка для навесов D12, пластик, серая;2534;шт.;навесы;7,07
6 34610 10 WH;LIBRA CC2 Заглушка для навесов D12, пластик, белая;1712;шт.;навесы;7,07
6 34630 10 GR;LIBRA CC3 Заглушка для навесов D30, пластик, серая;1439;шт.;навесы;11,31
6 34630 10 WH;LIBRA CC3 Заглушка для навесов D30, пластик, белая;2506;шт.;навесы;11,31
6 34660 10 ZN;LIBRA CC1 Заглушка для навесов D12, металл, никель;316;шт.;навесы;15,9
6 38010 00;LIKU Скрытый навес универсальный для конструкций без задней стенки;213;шт.;навесы;561,84
6 38024 00 ZN;LIKU WP Планка для скрытого навеса, сталь;2978;шт.;навесы;177,41
6 40001 09;LIBRA CH Конечный элемент профиля-навеса, с креплением на саморезы;407;шт.;навесы;88
6 40030 01;LIBRA CH вертикальный профиль-навес с верхним креплением, 307 мм;2612;шт.;навесы;687,22
6 40040 01;LIBRA CH вертикальный профиль-навес с верхним креплением, 407 мм;155;шт.;навесы;757,76
6 40060 01;LIBRA CH вертикальный профиль-навес с верхним креплением, 607 мм;2864;шт.;навесы;909,16
6 500120 01;LIBRA BS Навес для кухонных коробов нижнего яруса, ширина фасада 1200 мм (комплект);850;компл.;навесы;11587,77
6 50045 01;LIBRA BS Навес для кухонных коробов нижнего яруса, ширина фасада 450 мм (комплект);1225;компл.;навесы;5927,81
6 50060 01;LIBRA BS Навес для кухонных коробов нижнего яруса, ширина фасада 600 мм (комплект);1055;компл.;навесы;9484,55
6 50090 01;LIBRA BS Навес для кухонных коробов нижнего яруса, ширина фасада 900 мм (комплект);2142;компл.;навесы;10025,6
6 710 496 100;LIBRA H7 Алюминиевый профиль для навеса, длина 496 мм;1511;шт.;навесы;590,04
6 710 796 200;LIBRA H7 Алюминиевый профиль для навеса, длина 796 мм;1354;шт.;навесы;874,24
6 711 096 300;LIBRA H7 Алюминиевый профиль для навеса, длина 1096 мм;2363;шт.;навесы;1378,9
612-05 2M;Рейка для мебельных навесов 2 м, Ш=48 мм;1090;шт.;навесы;224,9
612-05 2M/R;Рейка для мебельных навесов 2 м, Ш=37 мм;2862;шт.;навесы;98,81
612-05 3M/R;Рейка для мебельных навесов 3 м, Ш=37 мм;2179;шт.;навесы;170,35
ATC151.05.00;Универсальный навес с фиксацией, 70 кг;1714;компл.;навесы;271,62
K013.001L.101;801 Мебельный навес цельнометаллический на футорках, 100 кг, левый;1243;шт.;навесы;78,38
K013.001R.101;801 Мебельный навес цельнометаллический на футорках, 100 кг, правый;1669;шт.;навесы;78,38
K013.C00L.901;801 Заглушка для мебельного навеса, пластик, серая, левая;2639;шт.;навесы;8,34
K013.C00L.911;801 Заглушка для мебельного навеса, пластик, белая, левая;1275;шт.;навесы;8,34
K013.C00L.971;801 Заглушка для мебельного навеса, пластик, коричневая, левая;1703;шт.;навесы;8,34
K013.C00L.972;801 Заглушка для мебельного навеса, пластик, темно-коричневая, левая;2994;шт.;навесы;10,74
K013.C00R.901;801 Заглушка для мебельного навеса, пластик, серая, правая;1707;шт.;навесы;8,34
K013.C00R.911;801 Заглушка для мебельного навеса, пластик, белая, правая;197;шт.;навесы;8,34
K013.C00R.971;801 Заглушка для мебельного навеса, пластик, коричневая, правая;2066;шт.;навесы;8,34
K013.C00R.972;801 Заглушка для мебельного навеса, пластик, темно-коричневая, правая;2706;шт.;навесы;10,74
K014.001.101;Универсальный навес для стеновых панелей без пружины, сталь, 20 кг;2470;шт.;навесы;65,66
K014.A00.101;Планка для универсального навеса для стеновых панелей без пружины, сталь;716;шт.;навесы;17,32
K015.001L.000;806 Мебельный навес, пластик, 50 кг, левый;278;шт.;навесы;40,16
K015.001L.000/RU;Мебельный навес, пластик, 50 кг, левый;2381;шт.;навесы;30,98
K015.001R.000;806 Мебельный навес, пластик, 50 кг, правый;1771;шт.;навесы;40,16
K015.001R.000/RU;Мебельный навес, пластик, 50 кг, правый;1431;шт.;навесы;30,98
K015.C00L.911;806 Заглушка для мебельного навеса, пластик, белая, левая;590;шт.;навесы;8,55
K015.C00L.911/RU;Заглушка для мебельного навеса, пластик, белая, левая;2507;шт.;навесы;7,29
K015.C00L.971;806 Заглушка для мебельного навеса, пластик, коричневая, левая;78;шт.;навесы;8,55
K015.C00L.971/RU;Заглушка для мебельного навеса, пластик, коричневая, левая;1294;шт.;навесы;7,29
K015.C00R.911;806 Заглушка для мебельного навеса, пластик, белая, правая;2991;шт.;навесы;8,55
K015.C00R.911/RU;Заглушка для мебельного навеса, пластик, белая, правая;1993;шт.;навесы;7,29
K015.C00R.971;806 Заглушка для мебельного навеса, пластик, коричневая, правая;2358;шт.;навесы;8,55
K015.C00R.971/RU;Заглушка для мебельного навеса, пластик, коричневая, правая;2286;шт.;навесы;7,29
K015.C01L.901;806 Заглушка для мебельного навеса, пластик, серая, левая;760;шт.;навесы;8,55
K015.C01L.901/RU;Заглушка для мебельного навеса, пластик, серая, левая;156;шт.;навесы;7,29
K015.C01R.901;806 Заглушка для мебельного навеса, пластик, серая, правая;736;шт.;навесы;8,55
K015.C01R.901/RU;Заглушка для мебельного навеса, пластик, серая, правая;2863;шт.;навесы;7,29
K015.C02L.120;806 Заглушка для мебельного навеса, металл, никель, левая;2526;шт.;навесы;13,85
K015.C02R.120;806 Заглушка для мебельного навеса, металл, никель, правая;2793;шт.;навесы;13,85
K021.A01.101;814.35 Навес врезной для стеновых панелей, 2 шт.;846;компл.;навесы;322,44
K025.001.101;814 Навес для стеновых панелей без пружины, сталь, 50кг;2367;шт.;навесы;96,48
K025.002.101;814 Навес для стеновых панелей с пружиной, сталь, 50кг;2471;шт.;навесы;112,81
K025.A00.101;814 Планка для навеса стеновых панелей, сталь;2551;шт.;навесы;23,04
K075.001L.007;807 Мебельный навес для коробов нижнего яруса, левый, 120 кг;705;шт.;навесы;126,16
K075.001R.007;807 Мебельный навес для коробов нижнего яруса, правый, 120 кг;2918;шт.;навесы;126,16
K075.C01L.006;807 Заглушка для мебельного навеса, пластик, серая, левая;162;шт.;навесы;11,17
K075.C01L.008;807 Заглушка для мебельного навеса, пластик, белая, левая;2095;шт.;навесы;11,17
K075.C01R.006;807 Заглушка для мебельного навеса, пластик, серая, правая;2140;шт.;навесы;11,17
K075.C01R.008;807 Заглушка для мебельного навеса, пластик, белая, правая;1853;шт.;навесы;11,17
K075.CH023.007;807 Планка для мебельного навеса, сталь;1188;шт.;навесы;63,4
N2D22X40X81L;Навес металлический с креплением в двух плоскостях, 22х40х81 мм, левый;2088;шт.;навесы;6,86
N2D22X40X81R;Навес металлический с креплением в двух плоскостях, 22х40х81 мм, правый;1809;шт.;навесы;6,86
NH38X34;Навес мебельный с горизонтальным креплением, 38х34 мм;2485;шт.;навесы;2,92
510C0005 00;Накладка декоративная на чашку петли;2532;шт.;Петли;5,44
510C000500C;Накладка декоративная на чашку петли;448;шт.;Петли;2,26
510Y0005 0N;Накладка декоративная на плечо петли, никель;1727;шт.;Петли;3,39
510YFGV5 00;Накладка декоративная на плечо петли, никель, с логотипом FGV;1620;шт.;Петли;4,1
520SP606 05;Подкладка для изменения уст.угла петли, 5 грд. 1 мм;841;шт.;Петли;7,14
6 34630 10 GR;LIBRA CC3 Заглушка для навесов D30, пластик, серая;1439;шт.;навесы;11,31
A901/GF4293;Переходник для Anyway Clip из Slide-on;1914;шт.;Петли;1,5
CB03/GN;Накладка декоративная на чашку петли;2177;шт.;Петли;1,68
CC90;Накладка декоративная на плечо петли, черный;1460;шт.;Петли;0,43
CC92G-M;Накладка декоративная на плечо петли, никель;2698;шт.;Петли;0,4
D9FNGK62;Скользящий упор для карусельной двери;238;компл.;Петли;3,35
F072135500;Заглушка на плечо петли TIOMOS;920;шт.;Петли;7
F072135503;Заглушка на чашку петли TIOMOS;2195;шт.;Петли;13,71
F072135751;Ограничитель угла открывания до 85 грд. для стандартных петель TIOMOS;1179;шт.;Петли;23,11
F072135757;Площадка для изменения угла установки петли TIOMOS +5 грд.;1578;шт.;Петли;31,59
F072135758;Площадка для изменения угла установки петли TIOMOS -5 грд.;1728;шт.;Петли;31,59
V6310/F;Евровинт с полукруглой головкой для соосного крепления площадок петель, 6.3 X 10.6;2818;шт.;Петли;2,19
СС911;Накладка декоративная на плечо петли, хром;2478;шт.;Петли;0,61
51ASH50500C;Петля Integra slowmotion со встроенным доводчиком стандартная (90/110) накладная, межцентровое 45мм;2015;шт.;Петли;24,3
51MN4505 22;Петля для ДСП 16-40 Slide-on D40 (90/90) вкладная;2701;шт.;Петли;82
51MS1505 00;Петля Slide-on стандартная (90/110) накладная;2877;шт.;Петли;15,27
51MS1505 08;Петля Slide-on стандартная (90/110) срединная;486;шт.;Петли;18,24
6 34630 10 GR;LIBRA CC3 Заглушка для навесов D30, пластик, серая;1439;шт.;навесы;11,31
51MS1505 15;Петля Slide-on стандартная (90/110) вкладная;1977;шт.;Петли;17
51MS15P5 08;Петля Slide-on стандартная (90/110) с обр. пружиной, срединная;1237;шт.;Петли;19,73
51MS8505 25;Петля Slide-on угловая (+25/110) накладная;703;шт.;Петли;23,6
51MS85M5 90;Петля Slide-on прямая (180/110) для фальшпанели;2939;шт.;Петли;47
51MT1505 00;Петля для ДСП 16-30 Slide-on D35 (90/95) накладная;2952;шт.;Петли;41,82
51QS1505 00;Петля Mini QS стандартная (90/105) накладная;673;шт.;Петли;15
C121201;Петля Mini 12 стандартная (90/95) срединная;2951;шт.;Петли;5,5
C121203;Петля Mini 12 угловая (+30/95);1984;шт.;Петли;7,16
C121208;Петля Mini 12 прямая (180/95) для фальшпанели;1140;шт.;Петли;7,16
C123150;Петля Mini 12 для стекла стандартная (90/95) накладная;152;шт.;Петли;5,5
C123150 под саморез/золото D;Петля стандартная накладная площадка под саморез/золото D-обр.;161;компл.;Петли;12,41
C123150 под саморез/золото кру;Петля стандартная накладная площадка под саморез/золото круг.;1885;компл.;Петли;12,41
C123150 под саморез/ник мат D;Петля стандартная накладная площадка под саморез/ник мат D-обр.;720;компл.;Петли;15,46
C123150 под саморез/ник мат кр;Петля стандартная накладная площадка под саморез/ник мат круг.;1684;компл.;Петли;12,41
C123150 под саморез/хр мат D;Петля стандартная накладная площадка под саморез/хр мат D-обр.;729;компл.;Петли;12,41
C123150 под саморез/хр мат к;Петля стандартная накладная площадка под саморез/хр мат круг.;537;компл.;Петли;12,41
C123150 под саморез/хром D;Петля стандартная накладная площадка под саморез/хром D-обр.;644;компл.;Петли;12,41
C123150 под саморез/хром круг;Петля стандартная накладная площадка под саморез/хром круг.;826;компл.;Петли;12,41
C123150 под саморез/черн D;Петля стандартная накладная площадка под саморез/черн D-обр.;2171;компл.;Петли;13,96
C123150 под саморез/черн круг;Петля стандартная накладная площадка под саморез/черн круг.;792;компл.;Петли;13,96
C123150 с евровинтом/золото D;Петля стандартная накладная площадка с евровинтами/золото D-обр.;572;компл.;Петли;12,41
C123150 с евровинтом/золото кр;Петля стандартная накладная площадка с евровинтами/золото круг.;1003;компл.;Петли;12,41
C123150 с евровинтом/ник мат D;Петля стандартная накладная площадка с евровинтами/ник мат D-обр.;1723;компл.;Петли;15,46
C123150 с евровинтом/ник мат к;Петля стандартная накладная площадка с евровинтами/ник мат круг.;1908;компл.;Петли;12,41
C123150 с евровинтом/хр мат D;Петля стандартная накладная площадка с евровинтами/хр мат D-обр.;317;компл.;Петли;12,41
C123150 с евровинтом/хр мат кр;Петля стандартная накладная площадка с евровинтами/хр мат круг.;1871;компл.;Петли;12,41
C123150 с евровинтом/хром D;Петля стандартная накладная площадка с евровинтами/хром D-обр.;1654;компл.;Петли;12,41
C123150 с евровинтом/хром кру;Петля стандартная накладная площадка с евровинтами/хром круг.;1365;компл.;Петли;12,41
C123150 с евровинтом/черн D;Петля стандартная накладная площадка с евровинтами/черн D-обр.;2476;компл.;Петли;13,96
C123150 с евровинтом/черн круг;Петля стандартная накладная площадка с евровинтами/черн круг.;1663;компл.;Петли;13,96
C123152 под саморез/золото D;Петля стандартная вкладная площадка под саморез/золото D-обр.;1400;компл.;Петли;17,91
C123152 под саморез/золото кру;Петля стандартная вкладная площадка под саморез/золото круг.;2627;компл.;Петли;17,91
C123152 под саморез/ник мат D;Петля стандартная вкладная площадка под саморез/ник мат D-обр.;1408;компл.;Петли;20,96
C123152 под саморез/ник мат кр;Петля стандартная вкладная площадка под саморез/ник мат круг.;1096;компл.;Петли;17,91
C123152 под саморез/хр мат D;Петля стандартная вкладная площадка под саморез/хр мат D-обр.;2882;компл.;Петли;17,91
C123152 под саморез/хр мат кру;Петля стандартная вкладная площадка под саморез/хр мат круг.;725;компл.;Петли;17,91
C123152 под саморез/хром D;Петля стандартная вкладная площадка под саморез/хром D-обр.;2014;компл.;Петли;17,91
C123152 под саморез/хром кругл;Петля стандартная вкладная площадка под саморез/хром круг.;452;компл.;Петли;17,91
C123152 под саморез/черн D;Петля стандартная вкладная площадка под саморез/черн D-обр.;1098;компл.;Петли;19,46
C123152 под саморез/черн круг;Петля стандартная вкладная площадка под саморез/черн круг.;161;компл.;Петли;19,46
C123152 с евровинтом/золото D;Петля стандартная вкладная площадка с евровинтами/золото D-обр.;1609;компл.;Петли;17,91
C123152 с евровинтом/золото кр;Петля стандартная вкладная площадка с евровинтами/золото круг.;1137;компл.;Петли;17,91
C123152 с евровинтом/ник мат D;Петля стандартная вкладная площадка с евровинтами/ник мат D-обр.;2647;компл.;Петли;20,96
C123152 с евровинтом/ник мат к;Петля стандартная вкладная площадка с евровинтами/ник мат круг.;1692;компл.;Петли;17,91
C123152 с евровинтом/хр мат D;Петля стандартная вкладная площадка с евровинтами/хр мат D-обр.;1477;компл.;Петли;17,91
C123152 с евровинтом/хр мат кр;Петля стандартная вкладная площадка с евровинтами/хр мат круг.;1983;компл.;Петли;17,91
C123152 с евровинтом/хром D;Петля стандартная вкладная площадка с евровинтами/хром D-обр.;1901;компл.;Петли;17,91
C123152 с евровинтом/хром круг;Петля стандартная вкладная площадка с евровинтами/хром круг.;1489;компл.;Петли;17,91
C123152 с евровинтом/черн D;Петля стандартная вкладная площадка с евровинтами/черн D-обр.;1215;компл.;Петли;19,46
C123152 с евровинтом/черн круг;Петля стандартная вкладная площадка с евровинтами/черн круг.;134;компл.;Петли;19,46
C123153;Петля Mini 12 для стекла угловая (+30/95);941;шт.;Петли;8,5
C123153 под саморез/золото D;Петля угловая (+30) площадка под саморез/золото D-обр.;837;компл.;Петли;15,41
C123153 под саморез/золото кру;Петля угловая (+30) площадка под саморез/золото круг.;1985;компл.;Петли;15,41
C123153 под саморез/ник мат D;Петля угловая (+30) площадка под саморез/ник мат D-обр.;333;компл.;Петли;18,46
C123153 под саморез/ник мат кр;Петля угловая (+30) площадка под саморез/ник мат круг.;2862;компл.;Петли;15,41
C123153 под саморез/хром D;Петля угловая (+30) площадка под саморез/хром D-обр.;723;компл.;Петли;15,41
C123153 под саморез/хром круг;Петля угловая (+30) площадка под саморез/хром круг.;2003;компл.;Петли;15,41
C123153 под саморез/хром мат D;Петля угловая (+30) площадка под саморез/хром мат D-обр.;100;компл.;Петли;15,41
C123153 под саморез/хром мат к;Петля угловая (+30) площадка под саморез/хром мат круг.;2543;компл.;Петли;15,41
C123153 под саморез/черн D;Петля угловая (+30) площадка под саморез/черн D-обр.;680;компл.;Петли;16,96
C123153 под саморез/черн круг;Петля угловая (+30) площадка под саморез/черн круг.;2650;компл.;Петли;16,96
C123153 с евровинтом/золото D;Петля угловая (+30) площадка с евровинтами/золото D-обр.;417;компл.;Петли;15,41
C123153 с евровинтом/золото кр;Петля угловая (+30) площадка с евровинтами/золото круг.;1987;компл.;Петли;15,41
C123153 с евровинтом/ник мат D;Петля угловая (+30) площадка с евровинтами/ник мат D-обр.;2484;компл.;Петли;18,46
C123153 с евровинтом/ник мат к;Петля угловая (+30) площадка с евровинтами/ник мат круг.;582;компл.;Петли;15,41
C123153 с евровинтом/хр мат D;Петля угловая (+30) площадка с евровинтами/хр мат D-обр.;2294;компл.;Петли;15,41
C123153 с евровинтом/хр мат кр;Петля угловая (+30) площадка с евровинтами/хром мат круг.;545;компл.;Петли;15,41
C123153 с евровинтом/хром D;Петля угловая (+30) площадка с евровинтами/хром D-обр.;2060;компл.;Петли;15,41
C123153 с евровинтом/хром круг;Петля угловая (+30) площадка с евровинтами/хром круг.;2293;компл.;Петли;15,41
C123153 с евровинтом/черн D;Петля угловая (+30) площадка с евровинтами/черн D-обр.;2641;компл.;Петли;16,96
C123153 с евровинтом/черн круг;Петля угловая (+30) площадка с евровинтами/черн круг.;950;компл.;Петли;16,96
C123158;Петля Mini 12 для стекла прямая (180/110);1948;шт.;Петли;8,5
C123158 под саморез/золото D;Петля прямая (180) площадка под саморез/золото D-обр.-обр.;455;компл.;Петли;15,41
C123158 под саморез/золото кру;Петля прямая (180) площадка под саморез/золото круг.;1406;компл.;Петли;15,41
C123158 под саморез/ник мат D;Петля прямая (180) площадка под саморез/ник мат D-обр.-обр.;1505;компл.;Петли;18,46
C123158 под саморез/ник мат кр;Петля прямая (180) площадка под саморез/ник мат кр;1125;компл.;Петли;15,41
C123158 под саморез/хр мат D;Петля прямая (180) площадка под саморез/хром мат D-обр.;50;компл.;Петли;15,41
C123158 под саморез/хр мат кр;Петля прямая (180) площадка под саморез/хром мат круг.;778;компл.;Петли;15,41
C123158 под саморез/хром D;Петля прямая (180) площадка под саморез/хром D-обр.;1557;компл.;Петли;15,41
C123158 под саморез/хром круг;Петля прямая (180) площадка под саморез/хром круг.;2633;компл.;Петли;15,41
C123158 под саморез/черн D;Петля прямая (180) площадка под саморез/черн D-обр.;345;компл.;Петли;16,96
C123158 под саморез/черн круг;Петля прямая (180) площадка под саморез/черн круг.;2354;компл.;Петли;15,41
C123158 с евровинтом/золото D;Петля прямая (180) площадка с евровинтами/золото D-обр.;2195;компл.;Петли;15,41
C123158 с евровинтом/золото кр;Петля прямая (180) площадка с евровинтами/золото круг.;2192;компл.;Петли;15,41
C123158 с евровинтом/ник мат D;Петля прямая (180) площадка с евровинтами/ник мат D-обр.;154;компл.;Петли;18,46
C123158 с евровинтом/ник мат к;Петля прямая (180) площадка с евровинтами/ник мат кр;2086;компл.;Петли;15,41
C123158 с евровинтом/хр мат D;Петля прямая (180) площадка с евровинтами/хром мат D-обр.;534;компл.;Петли;15,41
C123158 с евровинтом/хр мат кр;Петля прямая (180) площадка с евровинтами/хром мат круг.;1055;компл.;Петли;15,41
C123158 с евровинтом/хром D;Петля прямая (180) площадка с евровинтами/хром D-обр.;448;компл.;Петли;15,41
C123158 с евровинтом/хром круг;Петля прямая (180) площадка с евровинтами/хром круг.;2417;компл.;Петли;15,41
C123158 с евровинтом/черн D;Петля прямая (180) площадка с евровинтами/черн D-обр.;1799;компл.;Петли;16,96
C123158 с евровинтом/черн круг;Петля прямая (180) площадка с евровинтами/черн круг.;2259;компл.;Петли;16,96
C91505BW;Петля Anyway Clip 91 DIGIT стандартная (90/110) срединная;183;шт.;Петли;5,5
C95028L H;Петля Slide-on 95 угловая (-30/125) накладная, бронза;2369;шт.;Петли;5
C95028M H;Петля Slide-on 95 угловая (-45/125) накладная, бронза;1892;шт.;Петли;5
C95304C;Петля Slide-on 95 специальная (90/170), вкладная;621;шт.;Петли;21,5
C95350A;Петля Slide-on 95 стандартная (90/95) для ал. проф., накладная;1101;шт.;Петли;4,5
C95350B;Петля Slide-on 95 стандартная (90/95) для ал. проф., срединная;2907;шт.;Петли;4,5
E20086D;Петля Harmony со встроенным доводчиком угловая (+30/95);2491;шт.;Петли;14,64
E21087C;Петля Harmony со встроенным доводчиком стандартная (90/110) вкладная;1010;шт.;Петли;26,23
F078073812;Петля мини E90 вкладная;2145;шт.;Петли;30
G2264;Заглушка декоративная Mini 12 круглая, хром;97;шт.;Петли;3,05
G2265;Заглушка декоративная Mini 12 круглая, хром матовый;1262;шт.;Петли;3,05
G226L;Заглушка декоративная Mini 12 круглая, золото;2108;шт.;Петли;3,05
G226V;Заглушка декоративная Mini 12 круглая, никель матовый;382;шт.;Петли;3,05
G2274;Заглушка декоративная Mini 12 D-образн., хром;204;шт.;Петли;3,05
G2275;Заглушка декоративная Mini 12 D-образн., хром матовый;1089;шт.;Петли;3,05
G227L;Заглушка декоративная Mini 12 D-образн., золото;1889;шт.;Петли;3,05
GA26L;Кольцо крепежное Mini 12 круглое;1433;шт.;Петли;1,68
GA27L;Кольцо крепежное Mini 12 D-образн.;720;шт.;Петли;1,68
H90086DW;Петля Anyway Clip 90 угловая (+30/95) вкладная;522;шт.;Петли;4,5
H90086NW;Петля Anyway Clip 90 угловая (+30/95) накладная;729;шт.;Петли;4,5
H95086D H;Петля Slide-on 95 угловая (+30/95) вкладная, бронза;848;шт.;Петли;5
H95086E H;Петля Slide-on 95 угловая (+45/95) вкладная, бронза;1228;шт.;Петли;5
H95086N H;Петля Slide-on 95 угловая (+30/95) накладная, бронза;2553;шт.;Петли;5
H95086P H;Петля Slide-on 95 угловая (+45/95) накладная, бронза;1730;шт.;Петли;5
H95087A H;Петля Slide-on 95 стандартная (90/110) накладная, бронза;2230;шт.;Петли;11
H95087B H;Петля Slide-on 95 стандартная (90/110) срединная, бронза;2947;шт.;Петли;4,5
V220/G;Винт для кольца Mini 12;2796;шт.;Петли;0,25
W90086DW;Петля Anyway Clip 90 угловая (+30/95) вкладная, для амортизатора WAVE;1397;шт.;Петли;4,5
W95086D;Петля Slide-on 95 угловая (+30/95) вкладная, для амортизатора WAVE;2961;шт.;Петли;7
W95086N;Петля Slide-on 95 угловая (+30/95) накладная, для амортизатора WAVE;2274;шт.;Петли;7
W95087A;Петля Slide-on 95 стандартная (90/110) накладная, для амортизатора WAVE;1241;шт.;Петли;4,5
W95087B;Петля Slide-on 95 стандартная (90/110) срединная, для амортизатора WAVE;630;шт.;Петли;4,5
2021 BLACK;Компл. петель для двери из ДСП, черный;905;компл.;Петли;58,81
2023 BRASS;Компл. петель для стекл. двери, золото;214;компл.;Петли;5
3005 CR;Компл. петель для стекл. двери, хром;1592;компл.;Петли;321,59
3005 GD;Компл. петель для стекл. двери, золото;2260;компл.;Петли;115
3005 MN;Компл. петель для стекл. двери, никель матовый;1730;компл.;Петли;321,59
4 01070 20 HD;Петля под саморез для откидной створки, латунь;560;шт.;Петли;201,3
4 01070 20 HD.CH;Петля под саморез для откидной створки, хром;1444;шт.;Петли;64,25
A04;Петля четырехшарнирная без фрезер.;291;шт.;Петли;98,25
C01 00008 01;KIMANA Адаптер высотой 3 мм;2080;шт.;Петли;42,48
C01 00008 02;KIMANA Адаптер высотой 1,5 мм;2041;шт.;Петли;169632
C01 00008 81;KIMANA Петля для откидных элементов;385;компл.;Петли;306,04
CE01;Петля карточная;687;шт.;Петли;34,55
CF0000AH;Линейная установочная площадка CF /саморез;2701;шт.;Петли;24,74
CF0000BH;Крестовая установочная площадка CF /саморез;131;шт.;Петли;24,67
CF01024 CL;Петля CF для стекл. двери вкладная, под сверление, хром;1699;шт.;Петли;310,99
CF01024 NP;Петля CF для стекл. двери вкладная, под сверление, нержавеющая сталь;231;шт.;Петли;310,99
CF01025 CL;Петля CF для стекл. двери накладная, под сверление, хром;2444;шт.;Петли;310,99
CF01025 NP;Петля CF для стекл. двери накладная, под сверление, нержавеющая сталь;1320;шт.;Петли;310,99
CI-K000;Петля потайная бронза D10, ДСП 16 мм;977;шт.;Петли;75,13
CI-K001;Петля потайная бронза D12, ДСП 18 мм;1063;шт.;Петли;86,02
CI-K002;Петля потайная бронза D14, ДСП 20 мм;2244;шт.;Петли;96,9
CI-K003;Петля потайная бронза D16, ДСП 22 мм;2742;шт.;Петли;118,67
CI-K004;Петля потайная бронза D18, ДСП 25 мм;2644;шт.;Петли;141,57
D/10 CR;Ручка для стекл. двери с петлями D/11, хром;2793;шт.;Петли;43,4
D/11 CR.CH;Компл. петель для стекл. двери, хром;1855;компл.;Петли;219,74
D/12 BR;Ручка для стекл. двери с петлями D/13, золото;1968;шт.;Петли;15
D/12 CR;Ручка для стекл. двери с петлями D/13, хром;1837;шт.;Петли;109,55
D/13 BR;Компл. петель для стекл. двери, золото;2572;компл.;Петли;52,5
D/13 CR.CH;Компл. петель для стекл. двери, хром;815;компл.;Петли;302,37
D/15 CR.CH;Компл. петель для стекл. двери, хром;621;компл.;Петли;302,37
F150000006;MB Чашка для петель одношарнирных;1382;шт.;Петли;102,27
F150000007;MB-6110 Петля одношарнирная 16/3 мм, вкладная (плечо);1410;компл.;Петли;18723132
F150000008;MB-6210 Петля одношарнирная 16/3 мм, накладная (плечо);2707;компл.;Петли;187,23
F150000013;MB-8210 Петля одношарнирная 16/4 мм, накладная (плечо);2249;компл.;Петли;187,23
RD-14E;Петля для откидных элементов;1193;шт.;Петли;86,02
RD-14E BR;Петля для откидных элементов, бронза;2068;шт.;Петли;86,02
ZS1002-Л;Петля карточная бронза (левая);830;шт.;Петли;72,8
ZS1002-П;Петля карточная бронза (правая);1433;шт.;Петли;72,8
ZS9004 (Б/РУЧ)/50 КТ;Компл. петель для стекл. двери, хром;1060;упак.;Петли;3180,32
ZS9004 / 50 К-Т;Компл. петель для стекл. двери +ручка, хром;1882;упак.;Петли;5464,77
ZS9005;Компл. петель для стекл. двери + ручка, бронза;1160;компл.;Петли;33
ZS9005 (Б/РУЧ);Компл. петель для стекл. двери, бронза;452;компл.;Петли;30
ZS9008;Компл. петель для стекл. двери + ручка, хром матовый;2489;компл.;Петли;115,07
ZS9008 (Б/РУЧ);Компл. петель для стекл. двери, хром матовый;245;компл.;Петли;72,66
ZS9030 (Б/РУЧ);Компл. петель для стекл. двери, черный;118;компл.;Петли;34
